I: 2026/10/02 12:25:12 job-script-lua.go:292: G: f0224d36-ef9d-4f8b-a08b-5b07ebcd81e5, J: Lua Script (10d2d11f-7d6f-4843-b130-2dbb238f823e) - Script (Handle: 4719285) sent log message: "Tunable White: Präsenz Wohnzimmer ohne aktive Rampe, zentraler letzter Wert 5850 K gesendet"
I: 2026/10/02 12:26:23 job-script-lua.go:292: G: f0224d36-ef9d-4f8b-a08b-5b07ebcd81e5, J: Lua Script (10d2d11f-7d6f-4843-b130-2dbb238f823e) - Script (Handle: 4719429) sent log message: "Tunable White: Präsenz AUS erkannt, keine Farbänderung"
I: 2026/10/02 12:26:26 job-script-lua.go:292: G: f0224d36-ef9d-4f8b-a08b-5b07ebcd81e5, J: Lua Script (10d2d11f-7d6f-4843-b130-2dbb238f823e) - Script (Handle: 4719434) sent log message: "Tunable White: Präsenz Wohnzimmer ohne aktive Rampe, zentraler letzter Wert 5850 K gesendet"
I: 2026/10/02 12:26:27 yale-starter.go:180: Start saving job volatile values
I: 2026/10/02 12:26:28 job-script-lua.go:292: G: f0224d36-ef9d-4f8b-a08b-5b07ebcd81e5, J: Lua Script (10d2d11f-7d6f-4843-b130-2dbb238f823e) - Script (Handle: 4719438) sent log message: "Tunable White: Präsenz AUS erkannt, keine Farbänderung"
I: 2026/10/02 12:26:38 job-script-lua.go:292: G: f0224d36-ef9d-4f8b-a08b-5b07ebcd81e5, J: Lua Script (10d2d11f-7d6f-4843-b130-2dbb238f823e) - Script (Handle: 4719458) sent log message: "Tunable White: Präsenz Wohnzimmer ohne aktive Rampe, zentraler letzter Wert 5850 K gesendet"
I: 2026/10/02 12:26:39 job-script-lua.go:292: G: f0224d36-ef9d-4f8b-a08b-5b07ebcd81e5, J: Lua Script (10d2d11f-7d6f-4843-b130-2dbb238f823e) - Script (Handle: 4719460) sent log message: "Tunable White: Präsenz AUS erkannt, keine Farbänderung"
I: 2026/10/02 12:26:43 job-script-lua.go:292: G: f0224d36-ef9d-4f8b-a08b-5b07ebcd81e5, J: Lua Script (10d2d11f-7d6f-4843-b130-2dbb238f823e) - Script (Handle: 4719468) sent log message: "Tunable White: Präsenz Wohnzimmer ohne aktive Rampe, zentraler letzter Wert 5850 K gesendet"
I: 2026/10/02 12:27:04 job-script-lua.go:292: G: f0224d36-ef9d-4f8b-a08b-5b07ebcd81e5, J: Lua Script (10d2d11f-7d6f-4843-b130-2dbb238f823e) - Script (Handle: 4719510) sent log message: "Tunable White: Präsenz AUS erkannt, keine Farbänderung"
I: 2026/10/02 12:27:13 job-script-lua.go:292: G: f0224d36-ef9d-4f8b-a08b-5b07ebcd81e5, J: Lua Script (10d2d11f-7d6f-4843-b130-2dbb238f823e) - Script (Handle: 4719528) sent log message: "Tunable White: Präsenz Wohnzimmer ohne aktive Rampe, zentraler letzter Wert 5850 K gesendet"
I: 2026/10/02 12:27:19 job-script-lua.go:292: G: f0224d36-ef9d-4f8b-a08b-5b07ebcd81e5, J: Lua Script (10d2d11f-7d6f-4843-b130-2dbb238f823e) - Script (Handle: 4719540) sent log message: "Tunable White: Präsenz AUS erkannt, keine Farbänderung"
I: 2026/10/02 12:27:23 job-script-lua.go:292: G: f0224d36-ef9d-4f8b-a08b-5b07ebcd81e5, J: Lua Script (10d2d11f-7d6f-4843-b130-2dbb238f823e) - Script (Handle: 4719550) sent log message: "Tunable White: Präsenz Wohnzimmer ohne aktive Rampe, zentraler letzter Wert 5850 K gesendet"
I: 2026/10/02 12:27:25 job-script-lua.go:292: G: f0224d36-ef9d-4f8b-a08b-5b07ebcd81e5, J: Lua Script (10d2d11f-7d6f-4843-b130-2dbb238f823e) - Script (Handle: 4719553) sent log message: "Tunable White: Präsenz AUS erkannt, keine Farbänderung"
I: 2026/10/02 12:27:26 job-script-lua.go:292: G: f0224d36-ef9d-4f8b-a08b-5b07ebcd81e5, J: Lua Script (10d2d11f-7d6f-4843-b130-2dbb238f823e) - Script (Handle: 4719555) sent log message: "Tunable White: Präsenz Wohnzimmer ohne aktive Rampe, zentraler letzter Wert 5850 K gesendet"
I: 2026/10/02 12:30:22 job-script-lua.go:292: G: f0224d36-ef9d-4f8b-a08b-5b07ebcd81e5, J: Lua Script (10d2d11f-7d6f-4843-b130-2dbb238f823e) - Script (Handle: 4719907) sent log message: "Tunable White: Präsenz AUS erkannt, keine Farbänderung"
I: 2026/10/02 12:30:23 job-script-lua.go:292: G: f0224d36-ef9d-4f8b-a08b-5b07ebcd81e5, J: Lua Script (10d2d11f-7d6f-4843-b130-2dbb238f823e) - Script (Handle: 4719909) sent log message: "Tunable White: Präsenz Wohnzimmer ohne aktive Rampe, zentraler letzter Wert 5850 K gesendet"
I: 2026/10/02 12:30:38 job-script-lua.go:292: G: f0224d36-ef9d-4f8b-a08b-5b07ebcd81e5, J: Lua Script (10d2d11f-7d6f-4843-b130-2dbb238f823e) - Script (Handle: 4719939) sent log message: "Tunable White: Präsenz AUS erkannt, keine Farbänderung"
I: 2026/10/02 12:30:42 job-script-lua.go:292: G: f0224d36-ef9d-4f8b-a08b-5b07ebcd81e5, J: Lua Script (10d2d11f-7d6f-4843-b130-2dbb238f823e) - Script (Handle: 4719949) sent log message: "Tunable White: Präsenz Wohnzimmer ohne aktive Rampe, zentraler letzter Wert 5850 K gesendet"
I: 2026/10/02 12:30:48 job-script-lua.go:292: G: f0224d36-ef9d-4f8b-a08b-5b07ebcd81e5, J: Lua Script (10d2d11f-7d6f-4843-b130-2dbb238f823e) - Script (Handle: 4719960) sent log message: "Tunable White: Präsenz AUS erkannt, keine Farbänderung"
I: 2026/10/02 12:30:51 job-script-lua.go:292: G: f0224d36-ef9d-4f8b-a08b-5b07ebcd81e5, J: Lua Script (10d2d11f-7d6f-4843-b130-2dbb238f823e) - Script (Handle: 4719968) sent log message: "Tunable White: Präsenz Wohnzimmer ohne aktive Rampe, zentraler letzter Wert 5850 K gesendet"
I: 2026/10/02 12:30:53 job-script-lua.go:292: G: f0224d36-ef9d-4f8b-a08b-5b07ebcd81e5, J: Lua Script (10d2d11f-7d6f-4843-b130-2dbb238f823e) - Script (Handle: 4719971) sent log message: "Tunable White: Präsenz AUS erkannt, keine Farbänderung"
I: 2026/10/02 12:30:58 job-script-lua.go:292: G: f0224d36-ef9d-4f8b-a08b-5b07ebcd81e5, J: Lua Script (10d2d11f-7d6f-4843-b130-2dbb238f823e) - Script (Handle: 4719981) sent log message: "Tunable White: Präsenz Wohnzimmer ohne aktive Rampe, zentraler letzter Wert 5850 K gesendet"
I: 2026/10/02 12:30:59 job-script-lua.go:292: G: f0224d36-ef9d-4f8b-a08b-5b07ebcd81e5, J: Lua Script (10d2d11f-7d6f-4843-b130-2dbb238f823e) - Script (Handle: 4719983) sent log message: "Tunable White: Präsenz AUS erkannt, keine Farbänderung"
I: 2026/10/02 12:31:01 job-script-lua.go:292: G: f0224d36-ef9d-4f8b-a08b-5b07ebcd81e5, J: Lua Script (10d2d11f-7d6f-4843-b130-2dbb238f823e) - Script (Handle: 4719987) sent log message: "Tunable White: Präsenz Wohnzimmer ohne aktive Rampe, zentraler letzter Wert 5850 K gesendet"
I: 2026/10/02 12:32:39 job-script-lua.go:292: G: f0224d36-ef9d-4f8b-a08b-5b07ebcd81e5, J: Lua Script (10d2d11f-7d6f-4843-b130-2dbb238f823e) - Script (Handle: 4720183) sent log message: "Tunable White: Präsenz AUS erkannt, keine Farbänderung"
I: 2026/10/02 12:32:40 job-script-lua.go:292: G: f0224d36-ef9d-4f8b-a08b-5b07ebcd81e5, J: Lua Script (10d2d11f-7d6f-4843-b130-2dbb238f823e) - Script (Handle: 4720185) sent log message: "Tunable White: Präsenz Wohnzimmer ohne aktive Rampe, zentraler letzter Wert 5850 K gesendet"
I: 2026/10/02 12:33:01 job-script-lua.go:292: G: f0224d36-ef9d-4f8b-a08b-5b07ebcd81e5, J: Lua Script (10d2d11f-7d6f-4843-b130-2dbb238f823e) - Script (Handle: 4720227) sent log message: "Tunable White: Präsenz AUS erkannt, keine Farbänderung"
I: 2026/10/02 12:33:06 job-script-lua.go:292: G: f0224d36-ef9d-4f8b-a08b-5b07ebcd81e5, J: Lua Script (10d2d11f-7d6f-4843-b130-2dbb238f823e) - Script (Handle: 4720237) sent log message: "Tunable White: Präsenz Wohnzimmer ohne aktive Rampe, zentraler letzter Wert 5850 K gesendet"
I: 2026/10/02 12:33:09 job-script-lua.go:292: G: f0224d36-ef9d-4f8b-a08b-5b07ebcd81e5, J: Lua Script (10d2d11f-7d6f-4843-b130-2dbb238f823e) - Script (Handle: 4720243) sent log message: "Tunable White: Präsenz AUS erkannt, keine Farbänderung"
I: 2026/10/02 12:33:19 job-script-lua.go:292: G: f0224d36-ef9d-4f8b-a08b-5b07ebcd81e5, J: Lua Script (10d2d11f-7d6f-4843-b130-2dbb238f823e) - Script (Handle: 4720263) sent log message: "Tunable White: Präsenz Wohnzimmer ohne aktive Rampe, zentraler letzter Wert 5850 K gesendet"
I: 2026/10/02 12:33:20 job-script-lua.go:292: G: f0224d36-ef9d-4f8b-a08b-5b07ebcd81e5, J: Lua Script (10d2d11f-7d6f-4843-b130-2dbb238f823e) - Script (Handle: 4720265) sent log message: "Tunable White: Präsenz AUS erkannt, keine Farbänderung"
I: 2026/10/02 12:33:21 job-script-lua.go:292: G: f0224d36-ef9d-4f8b-a08b-5b07ebcd81e5, J: Lua Script (10d2d11f-7d6f-4843-b130-2dbb238f823e) - Script (Handle: 4720267) sent log message: "Tunable White: Präsenz Wohnzimmer ohne aktive Rampe, zentraler letzter Wert 5850 K gesendet"
I: 2026/10/02 12:33:23 job-script-lua.go:292: G: f0224d36-ef9d-4f8b-a08b-5b07ebcd81e5, J: Lua Script (10d2d11f-7d6f-4843-b130-2dbb238f823e) - Script (Handle: 4720271) sent log message: "Tunable White: Präsenz AUS erkannt, keine Farbänderung"
I: 2026/10/02 12:33:25 job-script-lua.go:292: G: f0224d36-ef9d-4f8b-a08b-5b07ebcd81e5, J: Lua Script (10d2d11f-7d6f-4843-b130-2dbb238f823e) - Script (Handle: 4720275) sent log message: "Tunable White: Präsenz Wohnzimmer ohne aktive Rampe, zentraler letzter Wert 5850 K gesendet"
I: 2026/10/02 12:33:26 job-script-lua.go:292: G: f0224d36-ef9d-4f8b-a08b-5b07ebcd81e5, J: Lua Script (10d2d11f-7d6f-4843-b130-2dbb238f823e) - Script (Handle: 4720277) sent log message: "Tunable White: Präsenz AUS erkannt, keine Farbänderung"
I: 2026/10/02 12:33:27 job-script-lua.go:292: G: f0224d36-ef9d-4f8b-a08b-5b07ebcd81e5, J: Lua Script (10d2d11f-7d6f-4843-b130-2dbb238f823e) - Script (Handle: 4720279) sent log message: "Tunable White: Präsenz Wohnzimmer ohne aktive Rampe, zentraler letzter Wert 5850 K gesendet"
I: 2026/10/02 12:33:29 job-script-lua.go:292: G: f0224d36-ef9d-4f8b-a08b-5b07ebcd81e5, J: Lua Script (10d2d11f-7d6f-4843-b130-2dbb238f823e) - Script (Handle: 4720283) sent log message: "Tunable White: Präsenz AUS erkannt, keine Farbänderung"
I: 2026/10/02 12:33:34 job-script-lua.go:292: G: f0224d36-ef9d-4f8b-a08b-5b07ebcd81e5, J: Lua Script (10d2d11f-7d6f-4843-b130-2dbb238f823e) - Script (Handle: 4720293) sent log message: "Tunable White: Präsenz Wohnzimmer ohne aktive Rampe, zentraler letzter Wert 5850 K gesendet"
I: 2026/10/02 12:33:35 job-script-lua.go:292: G: f0224d36-ef9d-4f8b-a08b-5b07ebcd81e5, J: Lua Script (10d2d11f-7d6f-4843-b130-2dbb238f823e) - Script (Handle: 4720295) sent log message: "Tunable White: Präsenz AUS erkannt, keine Farbänderung"
I: 2026/10/02 12:33:36 job-script-lua.go:292: G: f0224d36-ef9d-4f8b-a08b-5b07ebcd81e5, J: Lua Script (10d2d11f-7d6f-4843-b130-2dbb238f823e) - Script (Handle: 4720297) sent log message: "Tunable White: Präsenz Wohnzimmer ohne aktive Rampe, zentraler letzter Wert 5850 K gesendet"
I: 2026/10/02 12:33:37 job-script-lua.go:292: G: f0224d36-ef9d-4f8b-a08b-5b07ebcd81e5, J: Lua Script (10d2d11f-7d6f-4843-b130-2dbb238f823e) - Script (Handle: 4720299) sent log message: "Tunable White: Präsenz AUS erkannt, keine Farbänderung"
I: 2026/10/02 12:33:39 job-script-lua.go:292: G: f0224d36-ef9d-4f8b-a08b-5b07ebcd81e5, J: Lua Script (10d2d11f-7d6f-4843-b130-2dbb238f823e) - Script (Handle: 4720303) sent log message: "Tunable White: Präsenz Wohnzimmer ohne aktive Rampe, zentraler letzter Wert 5850 K gesendet"
I: 2026/10/02 12:33:46 job-script-lua.go:292: G: f0224d36-ef9d-4f8b-a08b-5b07ebcd81e5, J: Lua Script (10d2d11f-7d6f-4843-b130-2dbb238f823e) - Script (Handle: 4720317) sent log message: "Tunable White: Präsenz AUS erkannt, keine Farbänderung"
I: 2026/10/02 12:33:47 job-script-lua.go:292: G: f0224d36-ef9d-4f8b-a08b-5b07ebcd81e5, J: Lua Script (10d2d11f-7d6f-4843-b130-2dbb238f823e) - Script (Handle: 4720319) sent log message: "Tunable White: Präsenz Wohnzimmer ohne aktive Rampe, zentraler letzter Wert 5850 K gesendet"
I: 2026/10/02 12:33:52 job-script-lua.go:292: G: f0224d36-ef9d-4f8b-a08b-5b07ebcd81e5, J: Lua Script (10d2d11f-7d6f-4843-b130-2dbb238f823e) - Script (Handle: 4720329) sent log message: "Tunable White: Präsenz AUS erkannt, keine Farbänderung"
I: 2026/10/02 12:33:59 job-script-lua.go:292: G: f0224d36-ef9d-4f8b-a08b-5b07ebcd81e5, J: Lua Script (10d2d11f-7d6f-4843-b130-2dbb238f823e) - Script (Handle: 4720345) sent log message: "Tunable White: Präsenz Wohnzimmer ohne aktive Rampe, zentraler letzter Wert 5850 K gesendet"
I: 2026/10/02 12:34:15 job-script-lua.go:292: G: f0224d36-ef9d-4f8b-a08b-5b07ebcd81e5, J: Lua Script (10d2d11f-7d6f-4843-b130-2dbb238f823e) - Script (Handle: 4720376) sent log message: "Tunable White: Präsenz AUS erkannt, keine Farbänderung"
I: 2026/10/02 12:34:19 job-script-lua.go:292: G: f0224d36-ef9d-4f8b-a08b-5b07ebcd81e5, J: Lua Script (10d2d11f-7d6f-4843-b130-2dbb238f823e) - Script (Handle: 4720384) sent log message: "Tunable White: Präsenz Wohnzimmer ohne aktive Rampe, zentraler letzter Wert 5850 K gesendet"
I: 2026/10/02 12:34:20 job-script-lua.go:292: G: f0224d36-ef9d-4f8b-a08b-5b07ebcd81e5, J: Lua Script (10d2d11f-7d6f-4843-b130-2dbb238f823e) - Script (Handle: 4720386) sent log message: "Tunable White: Präsenz AUS erkannt, keine Farbänderung"
I: 2026/10/02 12:34:21 job-script-lua.go:292: G: f0224d36-ef9d-4f8b-a08b-5b07ebcd81e5, J: Lua Script (10d2d11f-7d6f-4843-b130-2dbb238f823e) - Script (Handle: 4720388) sent log message: "Tunable White: Präsenz Wohnzimmer ohne aktive Rampe, zentraler letzter Wert 5850 K gesendet"
I: 2026/10/02 12:34:22 job-script-lua.go:292: G: f0224d36-ef9d-4f8b-a08b-5b07ebcd81e5, J: Lua Script (10d2d11f-7d6f-4843-b130-2dbb238f823e) - Script (Handle: 4720390) sent log message: "Tunable White: Präsenz AUS erkannt, keine Farbänderung"
I: 2026/10/02 12:34:23 job-script-lua.go:292: G: f0224d36-ef9d-4f8b-a08b-5b07ebcd81e5, J: Lua Script (10d2d11f-7d6f-4843-b130-2dbb238f823e) - Script (Handle: 4720392) sent log message: "Tunable White: Präsenz Wohnzimmer ohne aktive Rampe, zentraler letzter Wert 5850 K gesendet"
I: 2026/10/02 12:34:27 job-script-lua.go:292: G: f0224d36-ef9d-4f8b-a08b-5b07ebcd81e5, J: Lua Script (10d2d11f-7d6f-4843-b130-2dbb238f823e) - Script (Handle: 4720400) sent log message: "Tunable White: Präsenz AUS erkannt, keine Farbänderung"
I: 2026/10/02 12:34:28 job-script-lua.go:292: G: f0224d36-ef9d-4f8b-a08b-5b07ebcd81e5, J: Lua Script (10d2d11f-7d6f-4843-b130-2dbb238f823e) - Script (Handle: 4720404) sent log message: "Tunable White: Präsenz Wohnzimmer ohne aktive Rampe, zentraler letzter Wert 5850 K gesendet"
I: 2026/10/02 12:34:30 job-script-lua.go:292: G: f0224d36-ef9d-4f8b-a08b-5b07ebcd81e5, J: Lua Script (10d2d11f-7d6f-4843-b130-2dbb238f823e) - Script (Handle: 4720407) sent log message: "Tunable White: Präsenz AUS erkannt, keine Farbänderung"
I: 2026/10/02 12:34:31 job-script-lua.go:292: G: f0224d36-ef9d-4f8b-a08b-5b07ebcd81e5, J: Lua Script (10d2d11f-7d6f-4843-b130-2dbb238f823e) - Script (Handle: 4720409) sent log message: "Tunable White: Präsenz Wohnzimmer ohne aktive Rampe, zentraler letzter Wert 5850 K gesendet"
I: 2026/10/02 12:34:32 job-script-lua.go:292: G: f0224d36-ef9d-4f8b-a08b-5b07ebcd81e5, J: Lua Script (10d2d11f-7d6f-4843-b130-2dbb238f823e) - Script (Handle: 4720411) sent log message: "Tunable White: Präsenz AUS erkannt, keine Farbänderung"
I: 2026/10/02 12:34:34 job-script-lua.go:292: G: f0224d36-ef9d-4f8b-a08b-5b07ebcd81e5, J: Lua Script (10d2d11f-7d6f-4843-b130-2dbb238f823e) - Script (Handle: 4720415) sent log message: "Tunable White: Präsenz Wohnzimmer ohne aktive Rampe, zentraler letzter Wert 5850 K gesendet"
I: 2026/10/02 12:34:35 job-script-lua.go:292: G: f0224d36-ef9d-4f8b-a08b-5b07ebcd81e5, J: Lua Script (10d2d11f-7d6f-4843-b130-2dbb238f823e) - Script (Handle: 4720417) sent log message: "Tunable White: Präsenz AUS erkannt, keine Farbänderung"
I: 2026/10/02 12:34:36 job-script-lua.go:292: G: f0224d36-ef9d-4f8b-a08b-5b07ebcd81e5, J: Lua Script (10d2d11f-7d6f-4843-b130-2dbb238f823e) - Script (Handle: 4720419) sent log message: "Tunable White: Präsenz Wohnzimmer ohne aktive Rampe, zentraler letzter Wert 5850 K gesendet"
I: 2026/10/02 12:34:37 job-script-lua.go:292: G: f0224d36-ef9d-4f8b-a08b-5b07ebcd81e5, J: Lua Script (10d2d11f-7d6f-4843-b130-2dbb238f823e) - Script (Handle: 4720421) sent log message: "Tunable White: Präsenz AUS erkannt, keine Farbänderung"
I: 2026/10/02 12:34:38 job-script-lua.go:292: G: f0224d36-ef9d-4f8b-a08b-5b07ebcd81e5, J: Lua Script (10d2d11f-7d6f-4843-b130-2dbb238f823e) - Script (Handle: 4720423) sent log message: "Tunable White: Präsenz Wohnzimmer ohne aktive Rampe, zentraler letzter Wert 5850 K gesendet"
I: 2026/10/02 12:34:42 job-script-lua.go:292: G: f0224d36-ef9d-4f8b-a08b-5b07ebcd81e5, J: Lua Script (10d2d11f-7d6f-4843-b130-2dbb238f823e) - Script (Handle: 4720433) sent log message: "Tunable White: Präsenz AUS erkannt, keine Farbänderung"
I: 2026/10/02 12:34:43 job-script-lua.go:292: G: f0224d36-ef9d-4f8b-a08b-5b07ebcd81e5, J: Lua Script (10d2d11f-7d6f-4843-b130-2dbb238f823e) - Script (Handle: 4720436) sent log message: "Tunable White: Präsenz Wohnzimmer ohne aktive Rampe, zentraler letzter Wert 5850 K gesendet"
I: 2026/10/02 12:34:56 job-script-lua.go:292: G: f0224d36-ef9d-4f8b-a08b-5b07ebcd81e5, J: Lua Script (10d2d11f-7d6f-4843-b130-2dbb238f823e) - Script (Handle: 4720460) sent log message: "Tunable White: Präsenz AUS erkannt, keine Farbänderung"
I: 2026/10/02 12:35:05 job-script-lua.go:292: G: f0224d36-ef9d-4f8b-a08b-5b07ebcd81e5, J: Lua Script (10d2d11f-7d6f-4843-b130-2dbb238f823e) - Script (Handle: 4720478) sent log message: "Tunable White: Präsenz Wohnzimmer ohne aktive Rampe, zentraler letzter Wert 5850 K gesendet"
I: 2026/10/02 12:35:06 job-script-lua.go:292: G: f0224d36-ef9d-4f8b-a08b-5b07ebcd81e5, J: Lua Script (10d2d11f-7d6f-4843-b130-2dbb238f823e) - Script (Handle: 4720480) sent log message: "Tunable White: Präsenz AUS erkannt, keine Farbänderung"
I: 2026/10/02 12:35:07 job-script-lua.go:292: G: f0224d36-ef9d-4f8b-a08b-5b07ebcd81e5, J: Lua Script (10d2d11f-7d6f-4843-b130-2dbb238f823e) - Script (Handle: 4720482) sent log message: "Tunable White: Präsenz Wohnzimmer ohne aktive Rampe, zentraler letzter Wert 5850 K gesendet"
I: 2026/10/02 12:35:08 job-script-lua.go:292: G: f0224d36-ef9d-4f8b-a08b-5b07ebcd81e5, J: Lua Script (10d2d11f-7d6f-4843-b130-2dbb238f823e) - Script (Handle: 4720484) sent log message: "Tunable White: Präsenz AUS erkannt, keine Farbänderung"
I: 2026/10/02 12:35:17 job-script-lua.go:292: G: f0224d36-ef9d-4f8b-a08b-5b07ebcd81e5, J: Lua Script (10d2d11f-7d6f-4843-b130-2dbb238f823e) - Script (Handle: 4720502) sent log message: "Tunable White: Präsenz Wohnzimmer ohne aktive Rampe, zentraler letzter Wert 5850 K gesendet"
I: 2026/10/02 12:35:18 job-script-lua.go:292: G: f0224d36-ef9d-4f8b-a08b-5b07ebcd81e5, J: Lua Script (10d2d11f-7d6f-4843-b130-2dbb238f823e) - Script (Handle: 4720504) sent log message: "Tunable White: Präsenz AUS erkannt, keine Farbänderung"
I: 2026/10/02 12:35:19 job-script-lua.go:292: G: f0224d36-ef9d-4f8b-a08b-5b07ebcd81e5, J: Lua Script (10d2d11f-7d6f-4843-b130-2dbb238f823e) - Script (Handle: 4720506) sent log message: "Tunable White: Präsenz Wohnzimmer ohne aktive Rampe, zentraler letzter Wert 5850 K gesendet"
I: 2026/10/02 12:35:35 job-script-lua.go:292: G: f0224d36-ef9d-4f8b-a08b-5b07ebcd81e5, J: Lua Script (10d2d11f-7d6f-4843-b130-2dbb238f823e) - Script (Handle: 4720540) sent log message: "Tunable White: Präsenz AUS erkannt, keine Farbänderung"
I: 2026/10/02 12:35:39 job-script-lua.go:292: G: f0224d36-ef9d-4f8b-a08b-5b07ebcd81e5, J: Lua Script (10d2d11f-7d6f-4843-b130-2dbb238f823e) - Script (Handle: 4720547) sent log message: "Tunable White: Präsenz Wohnzimmer ohne aktive Rampe, zentraler letzter Wert 5850 K gesendet"
I: 2026/10/02 12:35:40 job-script-lua.go:292: G: f0224d36-ef9d-4f8b-a08b-5b07ebcd81e5, J: Lua Script (10d2d11f-7d6f-4843-b130-2dbb238f823e) - Script (Handle: 4720549) sent log message: "Tunable White: Präsenz AUS erkannt, keine Farbänderung"
I: 2026/10/02 12:35:41 job-script-lua.go:292: G: f0224d36-ef9d-4f8b-a08b-5b07ebcd81e5, J: Lua Script (10d2d11f-7d6f-4843-b130-2dbb238f823e) - Script (Handle: 4720551) sent log message: "Tunable White: Präsenz Wohnzimmer ohne aktive Rampe, zentraler letzter Wert 5850 K gesendet"
I: 2026/10/02 12:35:43 job-script-lua.go:292: G: f0224d36-ef9d-4f8b-a08b-5b07ebcd81e5, J: Lua Script (10d2d11f-7d6f-4843-b130-2dbb238f823e) - Script (Handle: 4720555) sent log message: "Tunable White: Präsenz AUS erkannt, keine Farbänderung"
I: 2026/10/02 12:35:46 job-script-lua.go:292: G: f0224d36-ef9d-4f8b-a08b-5b07ebcd81e5, J: Lua Script (10d2d11f-7d6f-4843-b130-2dbb238f823e) - Script (Handle: 4720561) sent log message: "Tunable White: Präsenz Wohnzimmer ohne aktive Rampe, zentraler letzter Wert 5850 K gesendet"
I: 2026/10/02 12:35:53 job-script-lua.go:292: G: f0224d36-ef9d-4f8b-a08b-5b07ebcd81e5, J: Lua Script (10d2d11f-7d6f-4843-b130-2dbb238f823e) - Script (Handle: 4720575) sent log message: "Tunable White: Präsenz AUS erkannt, keine Farbänderung"
I: 2026/10/02 12:35:54 job-script-lua.go:292: G: f0224d36-ef9d-4f8b-a08b-5b07ebcd81e5, J: Lua Script (10d2d11f-7d6f-4843-b130-2dbb238f823e) - Script (Handle: 4720577) sent log message: "Tunable White: Präsenz Wohnzimmer ohne aktive Rampe, zentraler letzter Wert 5850 K gesendet"
I: 2026/10/02 12:35:54 job-script-lua.go:292: G: f0224d36-ef9d-4f8b-a08b-5b07ebcd81e5, J: Lua Script (10d2d11f-7d6f-4843-b130-2dbb238f823e) - Script (Handle: 4720579) sent log message: "Tunable White: Präsenz AUS erkannt, keine Farbänderung"
I: 2026/10/02 12:36:00 job-script-lua.go:292: G: f0224d36-ef9d-4f8b-a08b-5b07ebcd81e5, J: Lua Script (10d2d11f-7d6f-4843-b130-2dbb238f823e) - Script (Handle: 4720590) sent log message: "Tunable White: Präsenz Wohnzimmer ohne aktive Rampe, zentraler letzter Wert 5850 K gesendet"
I: 2026/10/02 12:36:05 job-script-lua.go:292: G: f0224d36-ef9d-4f8b-a08b-5b07ebcd81e5, J: Lua Script (10d2d11f-7d6f-4843-b130-2dbb238f823e) - Script (Handle: 4720602) sent log message: "Tunable White: Präsenz AUS erkannt, keine Farbänderung"
I: 2026/10/02 12:36:08 job-script-lua.go:292: G: f0224d36-ef9d-4f8b-a08b-5b07ebcd81e5, J: Lua Script (10d2d11f-7d6f-4843-b130-2dbb238f823e) - Script (Handle: 4720607) sent log message: "Tunable White: Präsenz Wohnzimmer ohne aktive Rampe, zentraler letzter Wert 5850 K gesendet"
I: 2026/10/02 12:36:09 job-script-lua.go:292: G: f0224d36-ef9d-4f8b-a08b-5b07ebcd81e5, J: Lua Script (10d2d11f-7d6f-4843-b130-2dbb238f823e) - Script (Handle: 4720609) sent log message: "Tunable White: Präsenz AUS erkannt, keine Farbänderung"
I: 2026/10/02 12:36:10 job-script-lua.go:292: G: f0224d36-ef9d-4f8b-a08b-5b07ebcd81e5, J: Lua Script (10d2d11f-7d6f-4843-b130-2dbb238f823e) - Script (Handle: 4720611) sent log message: "Tunable White: Präsenz Wohnzimmer ohne aktive Rampe, zentraler letzter Wert 5850 K gesendet"
I: 2026/10/02 12:36:11 job-script-lua.go:292: G: f0224d36-ef9d-4f8b-a08b-5b07ebcd81e5, J: Lua Script (10d2d11f-7d6f-4843-b130-2dbb238f823e) - Script (Handle: 4720613) sent log message: "Tunable White: Präsenz AUS erkannt, keine Farbänderung"
I: 2026/10/02 12:36:18 job-script-lua.go:292: G: f0224d36-ef9d-4f8b-a08b-5b07ebcd81e5, J: Lua Script (10d2d11f-7d6f-4843-b130-2dbb238f823e) - Script (Handle: 4720627) sent log message: "Tunable White: Präsenz Wohnzimmer ohne aktive Rampe, zentraler letzter Wert 5850 K gesendet"
I: 2026/10/02 12:36:20 job-script-lua.go:292: G: f0224d36-ef9d-4f8b-a08b-5b07ebcd81e5, J: Lua Script (10d2d11f-7d6f-4843-b130-2dbb238f823e) - Script (Handle: 4720631) sent log message: "Tunable White: Präsenz AUS erkannt, keine Farbänderung"
I: 2026/10/02 12:36:26 job-script-lua.go:292: G: f0224d36-ef9d-4f8b-a08b-5b07ebcd81e5, J: Lua Script (10d2d11f-7d6f-4843-b130-2dbb238f823e) - Script (Handle: 4720643) sent log message: "Tunable White: Präsenz Wohnzimmer ohne aktive Rampe, zentraler letzter Wert 5850 K gesendet"
I: 2026/10/02 12:36:28 job-script-lua.go:292: G: f0224d36-ef9d-4f8b-a08b-5b07ebcd81e5, J: Lua Script (10d2d11f-7d6f-4843-b130-2dbb238f823e) - Script (Handle: 4720647) sent log message: "Tunable White: Präsenz AUS erkannt, keine Farbänderung"
I: 2026/10/02 12:36:31 job-script-lua.go:292: G: f0224d36-ef9d-4f8b-a08b-5b07ebcd81e5, J: Lua Script (10d2d11f-7d6f-4843-b130-2dbb238f823e) - Script (Handle: 4720653) sent log message: "Tunable White: Präsenz Wohnzimmer ohne aktive Rampe, zentraler letzter Wert 5850 K gesendet"
I: 2026/10/02 12:36:32 job-script-lua.go:292: G: f0224d36-ef9d-4f8b-a08b-5b07ebcd81e5, J: Lua Script (10d2d11f-7d6f-4843-b130-2dbb238f823e) - Script (Handle: 4720655) sent log message: "Tunable White: Präsenz AUS erkannt, keine Farbänderung"
I: 2026/10/02 12:36:33 job-script-lua.go:292: G: f0224d36-ef9d-4f8b-a08b-5b07ebcd81e5, J: Lua Script (10d2d11f-7d6f-4843-b130-2dbb238f823e) - Script (Handle: 4720657) sent log message: "Tunable White: Präsenz Wohnzimmer ohne aktive Rampe, zentraler letzter Wert 5850 K gesendet"
I: 2026/10/02 12:36:34 job-script-lua.go:292: G: f0224d36-ef9d-4f8b-a08b-5b07ebcd81e5, J: Lua Script (10d2d11f-7d6f-4843-b130-2dbb238f823e) - Script (Handle: 4720659) sent log message: "Tunable White: Präsenz AUS erkannt, keine Farbänderung"
I: 2026/10/02 12:36:35 job-script-lua.go:292: G: f0224d36-ef9d-4f8b-a08b-5b07ebcd81e5, J: Lua Script (10d2d11f-7d6f-4843-b130-2dbb238f823e) - Script (Handle: 4720661) sent log message: "Tunable White: Präsenz Wohnzimmer ohne aktive Rampe, zentraler letzter Wert 5850 K gesendet"
I: 2026/10/02 12:36:36 job-script-lua.go:292: G: f0224d36-ef9d-4f8b-a08b-5b07ebcd81e5, J: Lua Script (10d2d11f-7d6f-4843-b130-2dbb238f823e) - Script (Handle: 4720665) sent log message: "Tunable White: Präsenz AUS erkannt, keine Farbänderung"
I: 2026/10/02 12:36:37 job-script-lua.go:292: G: f0224d36-ef9d-4f8b-a08b-5b07ebcd81e5, J: Lua Script (10d2d11f-7d6f-4843-b130-2dbb238f823e) - Script (Handle: 4720668) sent log message: "Tunable White: Präsenz Wohnzimmer ohne aktive Rampe, zentraler letzter Wert 5850 K gesendet"
I: 2026/10/02 12:36:39 job-script-lua.go:292: G: f0224d36-ef9d-4f8b-a08b-5b07ebcd81e5, J: Lua Script (10d2d11f-7d6f-4843-b130-2dbb238f823e) - Script (Handle: 4720670) sent log message: "Tunable White: Präsenz AUS erkannt, keine Farbänderung"
I: 2026/10/02 12:36:46 job-script-lua.go:292: G: f0224d36-ef9d-4f8b-a08b-5b07ebcd81e5, J: Lua Script (10d2d11f-7d6f-4843-b130-2dbb238f823e) - Script (Handle: 4720684) sent log message: "Tunable White: Präsenz Wohnzimmer ohne aktive Rampe, zentraler letzter Wert 5850 K gesendet"
I: 2026/10/02 12:36:47 job-script-lua.go:292: G: f0224d36-ef9d-4f8b-a08b-5b07ebcd81e5, J: Lua Script (10d2d11f-7d6f-4843-b130-2dbb238f823e) - Script (Handle: 4720686) sent log message: "Tunable White: Präsenz AUS erkannt, keine Farbänderung"
I: 2026/10/02 12:36:48 job-script-lua.go:292: G: f0224d36-ef9d-4f8b-a08b-5b07ebcd81e5, J: Lua Script (10d2d11f-7d6f-4843-b130-2dbb238f823e) - Script (Handle: 4720688) sent log message: "Tunable White: Präsenz Wohnzimmer ohne aktive Rampe, zentraler letzter Wert 5850 K gesendet"
I: 2026/10/02 12:37:04 job-script-lua.go:292: G: f0224d36-ef9d-4f8b-a08b-5b07ebcd81e5, J: Lua Script (10d2d11f-7d6f-4843-b130-2dbb238f823e) - Script (Handle: 4720720) sent log message: "Tunable White: Präsenz AUS erkannt, keine Farbänderung"
I: 2026/10/02 12:37:06 job-script-lua.go:292: G: f0224d36-ef9d-4f8b-a08b-5b07ebcd81e5, J: Lua Script (10d2d11f-7d6f-4843-b130-2dbb238f823e) - Script (Handle: 4720724) sent log message: "Tunable White: Präsenz Wohnzimmer ohne aktive Rampe, zentraler letzter Wert 5850 K gesendet"
I: 2026/10/02 12:37:15 job-script-lua.go:292: G: f0224d36-ef9d-4f8b-a08b-5b07ebcd81e5, J: Lua Script (10d2d11f-7d6f-4843-b130-2dbb238f823e) - Script (Handle: 4720744) sent log message: "Tunable White: Präsenz AUS erkannt, keine Farbänderung"
I: 2026/10/02 12:37:17 job-script-lua.go:292: G: f0224d36-ef9d-4f8b-a08b-5b07ebcd81e5, J: Lua Script (10d2d11f-7d6f-4843-b130-2dbb238f823e) - Script (Handle: 4720747) sent log message: "Tunable White: Präsenz Wohnzimmer ohne aktive Rampe, zentraler letzter Wert 5850 K gesendet"
I: 2026/10/02 12:37:18 job-script-lua.go:292: G: f0224d36-ef9d-4f8b-a08b-5b07ebcd81e5, J: Lua Script (10d2d11f-7d6f-4843-b130-2dbb238f823e) - Script (Handle: 4720749) sent log message: "Tunable White: Präsenz AUS erkannt, keine Farbänderung"
I: 2026/10/02 12:37:19 job-script-lua.go:292: G: f0224d36-ef9d-4f8b-a08b-5b07ebcd81e5, J: Lua Script (10d2d11f-7d6f-4843-b130-2dbb238f823e) - Script (Handle: 4720751) sent log message: "Tunable White: Präsenz Wohnzimmer ohne aktive Rampe, zentraler letzter Wert 5850 K gesendet"
I: 2026/10/02 12:37:23 job-script-lua.go:292: G: f0224d36-ef9d-4f8b-a08b-5b07ebcd81e5, J: Lua Script (10d2d11f-7d6f-4843-b130-2dbb238f823e) - Script (Handle: 4720759) sent log message: "Tunable White: Präsenz AUS erkannt, keine Farbänderung"
I: 2026/10/02 12:37:28 job-script-lua.go:292: G: f0224d36-ef9d-4f8b-a08b-5b07ebcd81e5, J: Lua Script (10d2d11f-7d6f-4843-b130-2dbb238f823e) - Script (Handle: 4720769) sent log message: "Tunable White: Präsenz Wohnzimmer ohne aktive Rampe, zentraler letzter Wert 5850 K gesendet"
I: 2026/10/02 12:37:29 job-script-lua.go:292: G: f0224d36-ef9d-4f8b-a08b-5b07ebcd81e5, J: Lua Script (10d2d11f-7d6f-4843-b130-2dbb238f823e) - Script (Handle: 4720771) sent log message: "Tunable White: Präsenz AUS erkannt, keine Farbänderung"
I: 2026/10/02 12:37:32 job-script-lua.go:292: G: f0224d36-ef9d-4f8b-a08b-5b07ebcd81e5, J: Lua Script (10d2d11f-7d6f-4843-b130-2dbb238f823e) - Script (Handle: 4720777) sent log message: "Tunable White: Präsenz Wohnzimmer ohne aktive Rampe, zentraler letzter Wert 5850 K gesendet"
I: 2026/10/02 12:37:33 job-script-lua.go:292: G: f0224d36-ef9d-4f8b-a08b-5b07ebcd81e5, J: Lua Script (10d2d11f-7d6f-4843-b130-2dbb238f823e) - Script (Handle: 4720779) sent log message: "Tunable White: Präsenz AUS erkannt, keine Farbänderung"
I: 2026/10/02 12:37:39 job-script-lua.go:292: G: f0224d36-ef9d-4f8b-a08b-5b07ebcd81e5, J: Lua Script (10d2d11f-7d6f-4843-b130-2dbb238f823e) - Script (Handle: 4720791) sent log message: "Tunable White: Präsenz Wohnzimmer ohne aktive Rampe, zentraler letzter Wert 5850 K gesendet"
I: 2026/10/02 12:37:47 job-script-lua.go:292: G: f0224d36-ef9d-4f8b-a08b-5b07ebcd81e5, J: Lua Script (10d2d11f-7d6f-4843-b130-2dbb238f823e) - Script (Handle: 4720807) sent log message: "Tunable White: Präsenz AUS erkannt, keine Farbänderung"
I: 2026/10/02 12:37:48 job-script-lua.go:292: G: f0224d36-ef9d-4f8b-a08b-5b07ebcd81e5, J: Lua Script (10d2d11f-7d6f-4843-b130-2dbb238f823e) - Script (Handle: 4720809) sent log message: "Tunable White: Präsenz Wohnzimmer ohne aktive Rampe, zentraler letzter Wert 5850 K gesendet"
I: 2026/10/02 12:37:49 job-script-lua.go:292: G: f0224d36-ef9d-4f8b-a08b-5b07ebcd81e5, J: Lua Script (10d2d11f-7d6f-4843-b130-2dbb238f823e) - Script (Handle: 4720811) sent log message: "Tunable White: Präsenz AUS erkannt, keine Farbänderung"
I: 2026/10/02 12:37:51 job-script-lua.go:292: G: f0224d36-ef9d-4f8b-a08b-5b07ebcd81e5, J: Lua Script (10d2d11f-7d6f-4843-b130-2dbb238f823e) - Script (Handle: 4720817) sent log message: "Tunable White: Präsenz Wohnzimmer ohne aktive Rampe, zentraler letzter Wert 5850 K gesendet"
I: 2026/10/02 12:37:57 job-script-lua.go:292: G: f0224d36-ef9d-4f8b-a08b-5b07ebcd81e5, J: Lua Script (10d2d11f-7d6f-4843-b130-2dbb238f823e) - Script (Handle: 4720828) sent log message: "Tunable White: Präsenz AUS erkannt, keine Farbänderung"
I: 2026/10/02 12:37:59 job-script-lua.go:292: G: f0224d36-ef9d-4f8b-a08b-5b07ebcd81e5, J: Lua Script (10d2d11f-7d6f-4843-b130-2dbb238f823e) - Script (Handle: 4720834) sent log message: "Tunable White: Präsenz Wohnzimmer ohne aktive Rampe, zentraler letzter Wert 5850 K gesendet"
I: 2026/10/02 12:38:00 job-script-lua.go:292: G: f0224d36-ef9d-4f8b-a08b-5b07ebcd81e5, J: Lua Script (10d2d11f-7d6f-4843-b130-2dbb238f823e) - Script (Handle: 4720837) sent log message: "Tunable White: Präsenz AUS erkannt, keine Farbänderung"
I: 2026/10/02 12:38:01 job-script-lua.go:292: G: f0224d36-ef9d-4f8b-a08b-5b07ebcd81e5, J: Lua Script (10d2d11f-7d6f-4843-b130-2dbb238f823e) - Script (Handle: 4720840) sent log message: "Tunable White: Präsenz Wohnzimmer ohne aktive Rampe, zentraler letzter Wert 5850 K gesendet"
I: 2026/10/02 12:38:03 job-script-lua.go:292: G: f0224d36-ef9d-4f8b-a08b-5b07ebcd81e5, J: Lua Script (10d2d11f-7d6f-4843-b130-2dbb238f823e) - Script (Handle: 4720842) sent log message: "Tunable White: Präsenz AUS erkannt, keine Farbänderung"
I: 2026/10/02 12:38:04 job-script-lua.go:292: G: f0224d36-ef9d-4f8b-a08b-5b07ebcd81e5, J: Lua Script (10d2d11f-7d6f-4843-b130-2dbb238f823e) - Script (Handle: 4720844) sent log message: "Tunable White: Präsenz Wohnzimmer ohne aktive Rampe, zentraler letzter Wert 5850 K gesendet"
I: 2026/10/02 12:38:09 job-script-lua.go:292: G: f0224d36-ef9d-4f8b-a08b-5b07ebcd81e5, J: Lua Script (10d2d11f-7d6f-4843-b130-2dbb238f823e) - Script (Handle: 4720854) sent log message: "Tunable White: Präsenz AUS erkannt, keine Farbänderung"
I: 2026/10/02 12:38:10 job-script-lua.go:292: G: f0224d36-ef9d-4f8b-a08b-5b07ebcd81e5, J: Lua Script (10d2d11f-7d6f-4843-b130-2dbb238f823e) - Script (Handle: 4720856) sent log message: "Tunable White: Präsenz Wohnzimmer ohne aktive Rampe, zentraler letzter Wert 5850 K gesendet"
I: 2026/10/02 12:38:12 job-script-lua.go:292: G: f0224d36-ef9d-4f8b-a08b-5b07ebcd81e5, J: Lua Script (10d2d11f-7d6f-4843-b130-2dbb238f823e) - Script (Handle: 4720860) sent log message: "Tunable White: Präsenz AUS erkannt, keine Farbänderung"
I: 2026/10/02 12:38:15 job-script-lua.go:292: G: f0224d36-ef9d-4f8b-a08b-5b07ebcd81e5, J: Lua Script (10d2d11f-7d6f-4843-b130-2dbb238f823e) - Script (Handle: 4720866) sent log message: "Tunable White: Präsenz Wohnzimmer ohne aktive Rampe, zentraler letzter Wert 5850 K gesendet"
I: 2026/10/02 12:38:24 job-script-lua.go:292: G: f0224d36-ef9d-4f8b-a08b-5b07ebcd81e5, J: Lua Script (10d2d11f-7d6f-4843-b130-2dbb238f823e) - Script (Handle: 4720884) sent log message: "Tunable White: Präsenz AUS erkannt, keine Farbänderung"
I: 2026/10/02 12:38:26 job-script-lua.go:292: G: f0224d36-ef9d-4f8b-a08b-5b07ebcd81e5, J: Lua Script (10d2d11f-7d6f-4843-b130-2dbb238f823e) - Script (Handle: 4720888) sent log message: "Tunable White: Präsenz Wohnzimmer ohne aktive Rampe, zentraler letzter Wert 5850 K gesendet"
I: 2026/10/02 12:38:30 job-script-lua.go:292: G: f0224d36-ef9d-4f8b-a08b-5b07ebcd81e5, J: Lua Script (10d2d11f-7d6f-4843-b130-2dbb238f823e) - Script (Handle: 4720896) sent log message: "Tunable White: Präsenz AUS erkannt, keine Farbänderung"
I: 2026/10/02 12:38:31 job-script-lua.go:292: G: f0224d36-ef9d-4f8b-a08b-5b07ebcd81e5, J: Lua Script (10d2d11f-7d6f-4843-b130-2dbb238f823e) - Script (Handle: 4720898) sent log message: "Tunable White: Präsenz Wohnzimmer ohne aktive Rampe, zentraler letzter Wert 5850 K gesendet"
I: 2026/10/02 12:38:43 job-script-lua.go:292: G: f0224d36-ef9d-4f8b-a08b-5b07ebcd81e5, J: Lua Script (10d2d11f-7d6f-4843-b130-2dbb238f823e) - Script (Handle: 4720922) sent log message: "Tunable White: Präsenz AUS erkannt, keine Farbänderung"
I: 2026/10/02 12:38:44 job-script-lua.go:292: G: f0224d36-ef9d-4f8b-a08b-5b07ebcd81e5, J: Lua Script (10d2d11f-7d6f-4843-b130-2dbb238f823e) - Script (Handle: 4720924) sent log message: "Tunable White: Präsenz Wohnzimmer ohne aktive Rampe, zentraler letzter Wert 5850 K gesendet"
I: 2026/10/02 12:38:45 job-script-lua.go:292: G: f0224d36-ef9d-4f8b-a08b-5b07ebcd81e5, J: Lua Script (10d2d11f-7d6f-4843-b130-2dbb238f823e) - Script (Handle: 4720926) sent log message: "Tunable White: Präsenz AUS erkannt, keine Farbänderung"
I: 2026/10/02 12:38:46 job-script-lua.go:292: G: f0224d36-ef9d-4f8b-a08b-5b07ebcd81e5, J: Lua Script (10d2d11f-7d6f-4843-b130-2dbb238f823e) - Script (Handle: 4720928) sent log message: "Tunable White: Präsenz Wohnzimmer ohne aktive Rampe, zentraler letzter Wert 5850 K gesendet"
I: 2026/10/02 12:38:47 job-script-lua.go:292: G: f0224d36-ef9d-4f8b-a08b-5b07ebcd81e5, J: Lua Script (10d2d11f-7d6f-4843-b130-2dbb238f823e) - Script (Handle: 4720930) sent log message: "Tunable White: Präsenz AUS erkannt, keine Farbänderung"
I: 2026/10/02 12:38:53 job-script-lua.go:292: G: f0224d36-ef9d-4f8b-a08b-5b07ebcd81e5, J: Lua Script (10d2d11f-7d6f-4843-b130-2dbb238f823e) - Script (Handle: 4720942) sent log message: "Tunable White: Präsenz Wohnzimmer ohne aktive Rampe, zentraler letzter Wert 5850 K gesendet"
I: 2026/10/02 12:38:54 job-script-lua.go:292: G: f0224d36-ef9d-4f8b-a08b-5b07ebcd81e5, J: Lua Script (10d2d11f-7d6f-4843-b130-2dbb238f823e) - Script (Handle: 4720944) sent log message: "Tunable White: Präsenz AUS erkannt, keine Farbänderung"
I: 2026/10/02 12:38:55 job-script-lua.go:292: G: f0224d36-ef9d-4f8b-a08b-5b07ebcd81e5, J: Lua Script (10d2d11f-7d6f-4843-b130-2dbb238f823e) - Script (Handle: 4720946) sent log message: "Tunable White: Präsenz Wohnzimmer ohne aktive Rampe, zentraler letzter Wert 5850 K gesendet"
I: 2026/10/02 12:38:56 job-script-lua.go:292: G: f0224d36-ef9d-4f8b-a08b-5b07ebcd81e5, J: Lua Script (10d2d11f-7d6f-4843-b130-2dbb238f823e) - Script (Handle: 4720948) sent log message: "Tunable White: Präsenz AUS erkannt, keine Farbänderung"
I: 2026/10/02 12:38:57 job-script-lua.go:292: G: f0224d36-ef9d-4f8b-a08b-5b07ebcd81e5, J: Lua Script (10d2d11f-7d6f-4843-b130-2dbb238f823e) - Script (Handle: 4720950) sent log message: "Tunable White: Präsenz Wohnzimmer ohne aktive Rampe, zentraler letzter Wert 5850 K gesendet"
I: 2026/10/02 12:40:01 job-script-lua.go:292: G: f0224d36-ef9d-4f8b-a08b-5b07ebcd81e5, J: Lua Script (10d2d11f-7d6f-4843-b130-2dbb238f823e) - Script (Handle: 4721078) sent log message: "Tunable White: Präsenz AUS erkannt, keine Farbänderung"
I: 2026/10/02 12:40:02 job-script-lua.go:292: G: f0224d36-ef9d-4f8b-a08b-5b07ebcd81e5, J: Lua Script (10d2d11f-7d6f-4843-b130-2dbb238f823e) - Script (Handle: 4721080) sent log message: "Tunable White: Präsenz Wohnzimmer ohne aktive Rampe, zentraler letzter Wert 5850 K gesendet"
I: 2026/10/02 12:41:27 yale-starter.go:180: Start saving job volatile values
I: 2026/10/02 12:47:47 job-script-lua.go:292: G: f0224d36-ef9d-4f8b-a08b-5b07ebcd81e5, J: Lua Script (10d2d11f-7d6f-4843-b130-2dbb238f823e) - Script (Handle: 4722010) sent log message: "Tunable White: Präsenz AUS erkannt, keine Farbänderung"
I: 2026/10/02 12:47:48 job-script-lua.go:292: G: f0224d36-ef9d-4f8b-a08b-5b07ebcd81e5, J: Lua Script (10d2d11f-7d6f-4843-b130-2dbb238f823e) - Script (Handle: 4722012) sent log message: "Tunable White: Präsenz Wohnzimmer ohne aktive Rampe, zentraler letzter Wert 5850 K gesendet"
I: 2026/10/02 12:56:27 yale-starter.go:180: Start saving job volatile values
I: 2026/10/02 13:11:24 yale.go:106: YaLE Main (PID: 2661) KeepAliveTicker - 2026-10-02 13:11:24.965407586 +0200 CEST m=+2822401.815940404
I: 2026/10/02 13:11:27 yale-starter.go:180: Start saving job volatile values
I: 2026/10/02 13:22:09 job-script-lua.go:292: G: f0224d36-ef9d-4f8b-a08b-5b07ebcd81e5, J: Lua Script (10d2d11f-7d6f-4843-b130-2dbb238f823e) - Script (Handle: 4726134) sent log message: "Tunable White: Präsenz AUS erkannt, keine Farbänderung"
I: 2026/10/02 13:22:14 job-script-lua.go:292: G: f0224d36-ef9d-4f8b-a08b-5b07ebcd81e5, J: Lua Script (10d2d11f-7d6f-4843-b130-2dbb238f823e) - Script (Handle: 4726144) sent log message: "Tunable White: Präsenz Wohnzimmer ohne aktive Rampe, zentraler letzter Wert 5850 K gesendet"
I: 2026/10/02 13:22:15 job-script-lua.go:292: G: f0224d36-ef9d-4f8b-a08b-5b07ebcd81e5, J: Lua Script (10d2d11f-7d6f-4843-b130-2dbb238f823e) - Script (Handle: 4726146) sent log message: "Tunable White: Präsenz AUS erkannt, keine Farbänderung"
I: 2026/10/02 13:22:16 job-script-lua.go:292: G: f0224d36-ef9d-4f8b-a08b-5b07ebcd81e5, J: Lua Script (10d2d11f-7d6f-4843-b130-2dbb238f823e) - Script (Handle: 4726148) sent log message: "Tunable White: Präsenz Wohnzimmer ohne aktive Rampe, zentraler letzter Wert 5850 K gesendet"
I: 2026/10/02 13:26:04 job-script-lua.go:292: G: f0224d36-ef9d-4f8b-a08b-5b07ebcd81e5, J: Lua Script (10d2d11f-7d6f-4843-b130-2dbb238f823e) - Script (Handle: 4726606) sent log message: "Tunable White: Präsenz AUS erkannt, keine Farbänderung"
I: 2026/10/02 13:26:11 job-script-lua.go:292: G: f0224d36-ef9d-4f8b-a08b-5b07ebcd81e5, J: Lua Script (10d2d11f-7d6f-4843-b130-2dbb238f823e) - Script (Handle: 4726619) sent log message: "Tunable White: Präsenz Wohnzimmer ohne aktive Rampe, zentraler letzter Wert 5850 K gesendet"
I: 2026/10/02 13:26:12 job-script-lua.go:292: G: f0224d36-ef9d-4f8b-a08b-5b07ebcd81e5, J: Lua Script (10d2d11f-7d6f-4843-b130-2dbb238f823e) - Script (Handle: 4726621) sent log message: "Tunable White: Präsenz AUS erkannt, keine Farbänderung"
I: 2026/10/02 13:26:13 job-script-lua.go:292: G: f0224d36-ef9d-4f8b-a08b-5b07ebcd81e5, J: Lua Script (10d2d11f-7d6f-4843-b130-2dbb238f823e) - Script (Handle: 4726623) sent log message: "Tunable White: Präsenz Wohnzimmer ohne aktive Rampe, zentraler letzter Wert 5850 K gesendet"
I: 2026/10/02 13:26:18 job-script-lua.go:292: G: f0224d36-ef9d-4f8b-a08b-5b07ebcd81e5, J: Lua Script (10d2d11f-7d6f-4843-b130-2dbb238f823e) - Script (Handle: 4726633) sent log message: "Tunable White: Präsenz AUS erkannt, keine Farbänderung"
I: 2026/10/02 13:26:19 job-script-lua.go:292: G: f0224d36-ef9d-4f8b-a08b-5b07ebcd81e5, J: Lua Script (10d2d11f-7d6f-4843-b130-2dbb238f823e) - Script (Handle: 4726635) sent log message: "Tunable White: Präsenz Wohnzimmer ohne aktive Rampe, zentraler letzter Wert 5850 K gesendet"
I: 2026/10/02 13:26:20 job-script-lua.go:292: G: f0224d36-ef9d-4f8b-a08b-5b07ebcd81e5, J: Lua Script (10d2d11f-7d6f-4843-b130-2dbb238f823e) - Script (Handle: 4726637) sent log message: "Tunable White: Präsenz AUS erkannt, keine Farbänderung"
I: 2026/10/02 13:26:21 job-script-lua.go:292: G: f0224d36-ef9d-4f8b-a08b-5b07ebcd81e5, J: Lua Script (10d2d11f-7d6f-4843-b130-2dbb238f823e) - Script (Handle: 4726639) sent log message: "Tunable White: Präsenz Wohnzimmer ohne aktive Rampe, zentraler letzter Wert 5850 K gesendet"
I: 2026/10/02 13:26:27 yale-starter.go:180: Start saving job volatile values
I: 2026/10/02 13:26:52 job-script-lua.go:292: G: f0224d36-ef9d-4f8b-a08b-5b07ebcd81e5, J: Lua Script (10d2d11f-7d6f-4843-b130-2dbb238f823e) - Script (Handle: 4726701) sent log message: "Tunable White: Präsenz AUS erkannt, keine Farbänderung"
I: 2026/10/02 13:26:53 job-script-lua.go:292: G: f0224d36-ef9d-4f8b-a08b-5b07ebcd81e5, J: Lua Script (10d2d11f-7d6f-4843-b130-2dbb238f823e) - Script (Handle: 4726703) sent log message: "Tunable White: Präsenz Wohnzimmer ohne aktive Rampe, zentraler letzter Wert 5850 K gesendet"
I: 2026/10/02 13:27:06 job-script-lua.go:292: G: f0224d36-ef9d-4f8b-a08b-5b07ebcd81e5, J: Lua Script (10d2d11f-7d6f-4843-b130-2dbb238f823e) - Script (Handle: 4726729) sent log message: "Tunable White: Präsenz AUS erkannt, keine Farbänderung"
I: 2026/10/02 13:27:07 job-script-lua.go:292: G: f0224d36-ef9d-4f8b-a08b-5b07ebcd81e5, J: Lua Script (10d2d11f-7d6f-4843-b130-2dbb238f823e) - Script (Handle: 4726733) sent log message: "Tunable White: Präsenz Wohnzimmer ohne aktive Rampe, zentraler letzter Wert 5850 K gesendet"
I: 2026/10/02 13:27:29 job-script-lua.go:292: G: f0224d36-ef9d-4f8b-a08b-5b07ebcd81e5, J: Lua Script (10d2d11f-7d6f-4843-b130-2dbb238f823e) - Script (Handle: 4726776) sent log message: "Tunable White: Präsenz AUS erkannt, keine Farbänderung"
I: 2026/10/02 13:27:30 job-script-lua.go:292: G: f0224d36-ef9d-4f8b-a08b-5b07ebcd81e5, J: Lua Script (10d2d11f-7d6f-4843-b130-2dbb238f823e) - Script (Handle: 4726778) sent log message: "Tunable White: Präsenz Wohnzimmer ohne aktive Rampe, zentraler letzter Wert 5850 K gesendet"
I: 2026/10/02 13:27:34 job-script-lua.go:292: G: f0224d36-ef9d-4f8b-a08b-5b07ebcd81e5, J: Lua Script (10d2d11f-7d6f-4843-b130-2dbb238f823e) - Script (Handle: 4726786) sent log message: "Tunable White: Präsenz AUS erkannt, keine Farbänderung"
I: 2026/10/02 13:27:35 job-script-lua.go:292: G: f0224d36-ef9d-4f8b-a08b-5b07ebcd81e5, J: Lua Script (10d2d11f-7d6f-4843-b130-2dbb238f823e) - Script (Handle: 4726788) sent log message: "Tunable White: Präsenz Wohnzimmer ohne aktive Rampe, zentraler letzter Wert 5850 K gesendet"
I: 2026/10/02 13:27:44 job-script-lua.go:292: G: f0224d36-ef9d-4f8b-a08b-5b07ebcd81e5, J: Lua Script (10d2d11f-7d6f-4843-b130-2dbb238f823e) - Script (Handle: 4726806) sent log message: "Tunable White: Präsenz Flur ohne aktive Rampe, zentraler und Flur-letzter Wert 5850 K gesendet"
I: 2026/10/02 13:28:05 job-script-lua.go:292: G: f0224d36-ef9d-4f8b-a08b-5b07ebcd81e5, J: Lua Script (10d2d11f-7d6f-4843-b130-2dbb238f823e) - Script (Handle: 4726848) sent log message: "Tunable White: Präsenz AUS erkannt, keine Farbänderung"
I: 2026/10/02 13:28:07 job-script-lua.go:292: G: dd435b00-0506-477f-8396-fd8224809bf9, J: Brightness_Dimming (6e459dd3-7d0a-43ad-958b-2daf5cdd082b) - Script (Handle: 4726853) sent log message: "BadOben Dimming: Bad EIN Trigger: out1=100%"
I: 2026/10/02 13:28:31 job-script-lua.go:292: G: f0224d36-ef9d-4f8b-a08b-5b07ebcd81e5, J: Lua Script (10d2d11f-7d6f-4843-b130-2dbb238f823e) - Script (Handle: 4726902) sent log message: "Tunable White: Präsenz AUS erkannt, keine Farbänderung"
I: 2026/10/02 13:28:33 job-script-lua.go:292: G: f0224d36-ef9d-4f8b-a08b-5b07ebcd81e5, J: Lua Script (10d2d11f-7d6f-4843-b130-2dbb238f823e) - Script (Handle: 4726905) sent log message: "Tunable White: Präsenz Wohnzimmer ohne aktive Rampe, zentraler letzter Wert 5850 K gesendet"
I: 2026/10/02 13:29:28 job-script-lua.go:292: G: f0224d36-ef9d-4f8b-a08b-5b07ebcd81e5, J: Lua Script (10d2d11f-7d6f-4843-b130-2dbb238f823e) - Script (Handle: 4727017) sent log message: "Tunable White: Präsenz AUS erkannt, keine Farbänderung"
I: 2026/10/02 13:29:29 job-script-lua.go:292: G: f0224d36-ef9d-4f8b-a08b-5b07ebcd81e5, J: Lua Script (10d2d11f-7d6f-4843-b130-2dbb238f823e) - Script (Handle: 4727020) sent log message: "Tunable White: Präsenz Wohnzimmer ohne aktive Rampe, zentraler letzter Wert 5850 K gesendet"
I: 2026/10/02 13:30:05 job-script-lua.go:292: G: f0224d36-ef9d-4f8b-a08b-5b07ebcd81e5, J: Lua Script (10d2d11f-7d6f-4843-b130-2dbb238f823e) - Script (Handle: 4727093) sent log message: "Tunable White: Präsenz Flur ohne aktive Rampe, zentraler und Flur-letzter Wert 5850 K gesendet"
I: 2026/10/02 13:30:22 job-script-lua.go:292: G: f0224d36-ef9d-4f8b-a08b-5b07ebcd81e5, J: Lua Script (10d2d11f-7d6f-4843-b130-2dbb238f823e) - Script (Handle: 4727129) sent log message: "Tunable White: Präsenz AUS erkannt, keine Farbänderung"
I: 2026/10/02 13:30:28 job-script-lua.go:292: G: f0224d36-ef9d-4f8b-a08b-5b07ebcd81e5, J: Lua Script (10d2d11f-7d6f-4843-b130-2dbb238f823e) - Script (Handle: 4727140) sent log message: "Tunable White: Präsenz Flur ohne aktive Rampe, zentraler und Flur-letzter Wert 5850 K gesendet"
I: 2026/10/02 13:30:41 job-script-lua.go:292: G: f0224d36-ef9d-4f8b-a08b-5b07ebcd81e5, J: Lua Script (10d2d11f-7d6f-4843-b130-2dbb238f823e) - Script (Handle: 4727166) sent log message: "Tunable White: Präsenz AUS erkannt, keine Farbänderung"
I: 2026/10/02 13:30:42 job-script-lua.go:292: G: f0224d36-ef9d-4f8b-a08b-5b07ebcd81e5, J: Lua Script (10d2d11f-7d6f-4843-b130-2dbb238f823e) - Script (Handle: 4727168) sent log message: "Tunable White: Präsenz Wohnzimmer ohne aktive Rampe, zentraler letzter Wert 5850 K gesendet"
I: 2026/10/02 13:30:43 job-script-lua.go:292: G: f0224d36-ef9d-4f8b-a08b-5b07ebcd81e5, J: Lua Script (10d2d11f-7d6f-4843-b130-2dbb238f823e) - Script (Handle: 4727170) sent log message: "Tunable White: Präsenz AUS erkannt, keine Farbänderung"
I: 2026/10/02 13:30:44 job-script-lua.go:292: G: f0224d36-ef9d-4f8b-a08b-5b07ebcd81e5, J: Lua Script (10d2d11f-7d6f-4843-b130-2dbb238f823e) - Script (Handle: 4727172) sent log message: "Tunable White: Präsenz Wohnzimmer ohne aktive Rampe, zentraler letzter Wert 5850 K gesendet"
I: 2026/10/02 13:30:48 job-script-lua.go:292: G: f0224d36-ef9d-4f8b-a08b-5b07ebcd81e5, J: Lua Script (10d2d11f-7d6f-4843-b130-2dbb238f823e) - Script (Handle: 4727180) sent log message: "Tunable White: Präsenz AUS erkannt, keine Farbänderung"
I: 2026/10/02 13:31:35 job-script-lua.go:292: G: f0224d36-ef9d-4f8b-a08b-5b07ebcd81e5, J: Lua Script (10d2d11f-7d6f-4843-b130-2dbb238f823e) - Script (Handle: 4727276) sent log message: "Tunable White: Präsenz AUS erkannt, keine Farbänderung"
I: 2026/10/02 13:31:36 job-script-lua.go:292: G: f0224d36-ef9d-4f8b-a08b-5b07ebcd81e5, J: Lua Script (10d2d11f-7d6f-4843-b130-2dbb238f823e) - Script (Handle: 4727279) sent log message: "Tunable White: Präsenz Wohnzimmer ohne aktive Rampe, zentraler letzter Wert 5850 K gesendet"
I: 2026/10/02 13:34:48 job-script-lua.go:292: G: f0224d36-ef9d-4f8b-a08b-5b07ebcd81e5, J: Lua Script (10d2d11f-7d6f-4843-b130-2dbb238f823e) - Script (Handle: 4727663) sent log message: "Tunable White: Präsenz AUS erkannt, keine Farbänderung"
I: 2026/10/02 13:34:48 job-script-lua.go:292: G: f0224d36-ef9d-4f8b-a08b-5b07ebcd81e5, J: Lua Script (10d2d11f-7d6f-4843-b130-2dbb238f823e) - Script (Handle: 4727665) sent log message: "Tunable White: Präsenz Wohnzimmer ohne aktive Rampe, zentraler letzter Wert 5850 K gesendet"
I: 2026/10/02 13:34:49 job-script-lua.go:292: G: f0224d36-ef9d-4f8b-a08b-5b07ebcd81e5, J: Lua Script (10d2d11f-7d6f-4843-b130-2dbb238f823e) - Script (Handle: 4727668) sent log message: "Tunable White: Präsenz AUS erkannt, keine Farbänderung"
I: 2026/10/02 13:34:54 job-script-lua.go:292: G: f0224d36-ef9d-4f8b-a08b-5b07ebcd81e5, J: Lua Script (10d2d11f-7d6f-4843-b130-2dbb238f823e) - Script (Handle: 4727677) sent log message: "Tunable White: Präsenz Wohnzimmer ohne aktive Rampe, zentraler letzter Wert 5850 K gesendet"
I: 2026/10/02 13:34:55 job-script-lua.go:292: G: f0224d36-ef9d-4f8b-a08b-5b07ebcd81e5, J: Lua Script (10d2d11f-7d6f-4843-b130-2dbb238f823e) - Script (Handle: 4727679) sent log message: "Tunable White: Präsenz AUS erkannt, keine Farbänderung"
I: 2026/10/02 13:34:57 job-script-lua.go:292: G: f0224d36-ef9d-4f8b-a08b-5b07ebcd81e5, J: Lua Script (10d2d11f-7d6f-4843-b130-2dbb238f823e) - Script (Handle: 4727683) sent log message: "Tunable White: Präsenz Wohnzimmer ohne aktive Rampe, zentraler letzter Wert 5850 K gesendet"
I: 2026/10/02 13:35:00 job-script-lua.go:292: G: f0224d36-ef9d-4f8b-a08b-5b07ebcd81e5, J: Lua Script (10d2d11f-7d6f-4843-b130-2dbb238f823e) - Script (Handle: 4727690) sent log message: "Tunable White: Präsenz AUS erkannt, keine Farbänderung"
I: 2026/10/02 13:35:00 job-script-lua.go:292: G: f0224d36-ef9d-4f8b-a08b-5b07ebcd81e5, J: Lua Script (10d2d11f-7d6f-4843-b130-2dbb238f823e) - Script (Handle: 4727691) sent log message: "Tunable White: Präsenz Wohnzimmer ohne aktive Rampe, zentraler letzter Wert 5850 K gesendet"
I: 2026/10/02 13:35:13 job-script-lua.go:292: G: f0224d36-ef9d-4f8b-a08b-5b07ebcd81e5, J: Lua Script (10d2d11f-7d6f-4843-b130-2dbb238f823e) - Script (Handle: 4727716) sent log message: "Tunable White: Präsenz AUS erkannt, keine Farbänderung"
I: 2026/10/02 13:35:14 job-script-lua.go:292: G: f0224d36-ef9d-4f8b-a08b-5b07ebcd81e5, J: Lua Script (10d2d11f-7d6f-4843-b130-2dbb238f823e) - Script (Handle: 4727718) sent log message: "Tunable White: Präsenz Wohnzimmer ohne aktive Rampe, zentraler letzter Wert 5850 K gesendet"
I: 2026/10/02 13:35:16 job-script-lua.go:292: G: f0224d36-ef9d-4f8b-a08b-5b07ebcd81e5, J: Lua Script (10d2d11f-7d6f-4843-b130-2dbb238f823e) - Script (Handle: 4727722) sent log message: "Tunable White: Präsenz AUS erkannt, keine Farbänderung"
I: 2026/10/02 13:35:19 job-script-lua.go:292: G: f0224d36-ef9d-4f8b-a08b-5b07ebcd81e5, J: Lua Script (10d2d11f-7d6f-4843-b130-2dbb238f823e) - Script (Handle: 4727728) sent log message: "Tunable White: Präsenz Wohnzimmer ohne aktive Rampe, zentraler letzter Wert 5850 K gesendet"
I: 2026/10/02 13:35:24 job-script-lua.go:292: G: f0224d36-ef9d-4f8b-a08b-5b07ebcd81e5, J: Lua Script (10d2d11f-7d6f-4843-b130-2dbb238f823e) - Script (Handle: 4727738) sent log message: "Tunable White: Präsenz AUS erkannt, keine Farbänderung"
I: 2026/10/02 13:35:25 job-script-lua.go:292: G: f0224d36-ef9d-4f8b-a08b-5b07ebcd81e5, J: Lua Script (10d2d11f-7d6f-4843-b130-2dbb238f823e) - Script (Handle: 4727740) sent log message: "Tunable White: Präsenz AUS erkannt, keine Farbänderung"
I: 2026/10/02 13:35:26 job-script-lua.go:292: G: f0224d36-ef9d-4f8b-a08b-5b07ebcd81e5, J: Lua Script (10d2d11f-7d6f-4843-b130-2dbb238f823e) - Script (Handle: 4727742) sent log message: "Tunable White: Präsenz Wohnzimmer ohne aktive Rampe, zentraler letzter Wert 5850 K gesendet"
I: 2026/10/02 13:35:27 job-script-lua.go:292: G: f0224d36-ef9d-4f8b-a08b-5b07ebcd81e5, J: Lua Script (10d2d11f-7d6f-4843-b130-2dbb238f823e) - Script (Handle: 4727744) sent log message: "Tunable White: Präsenz AUS erkannt, keine Farbänderung"
I: 2026/10/02 13:35:28 job-script-lua.go:292: G: f0224d36-ef9d-4f8b-a08b-5b07ebcd81e5, J: Lua Script (10d2d11f-7d6f-4843-b130-2dbb238f823e) - Script (Handle: 4727746) sent log message: "Tunable White: Präsenz Wohnzimmer ohne aktive Rampe, zentraler letzter Wert 5850 K gesendet"
I: 2026/10/02 13:35:29 job-script-lua.go:292: G: f0224d36-ef9d-4f8b-a08b-5b07ebcd81e5, J: Lua Script (10d2d11f-7d6f-4843-b130-2dbb238f823e) - Script (Handle: 4727748) sent log message: "Tunable White: Präsenz AUS erkannt, keine Farbänderung"
I: 2026/10/02 13:35:30 job-script-lua.go:292: G: f0224d36-ef9d-4f8b-a08b-5b07ebcd81e5, J: Lua Script (10d2d11f-7d6f-4843-b130-2dbb238f823e) - Script (Handle: 4727750) sent log message: "Tunable White: Präsenz Wohnzimmer ohne aktive Rampe, zentraler letzter Wert 5850 K gesendet"
I: 2026/10/02 13:40:29 job-script-lua.go:292: G: f0224d36-ef9d-4f8b-a08b-5b07ebcd81e5, J: Lua Script (10d2d11f-7d6f-4843-b130-2dbb238f823e) - Script (Handle: 4728350) sent log message: "Tunable White: Präsenz AUS erkannt, keine Farbänderung"
I: 2026/10/02 13:40:31 job-script-lua.go:292: G: f0224d36-ef9d-4f8b-a08b-5b07ebcd81e5, J: Lua Script (10d2d11f-7d6f-4843-b130-2dbb238f823e) - Script (Handle: 4728353) sent log message: "Tunable White: Präsenz Wohnzimmer ohne aktive Rampe, zentraler letzter Wert 5850 K gesendet"
I: 2026/10/02 13:41:27 yale-starter.go:180: Start saving job volatile values
I: 2026/10/02 13:43:24 job-script-lua.go:292: G: f0224d36-ef9d-4f8b-a08b-5b07ebcd81e5, J: Lua Script (10d2d11f-7d6f-4843-b130-2dbb238f823e) - Script (Handle: 4728699) sent log message: "Tunable White: Präsenz AUS erkannt, keine Farbänderung"
I: 2026/10/02 13:43:35 job-script-lua.go:292: G: f0224d36-ef9d-4f8b-a08b-5b07ebcd81e5, J: Lua Script (10d2d11f-7d6f-4843-b130-2dbb238f823e) - Script (Handle: 4728721) sent log message: "Tunable White: Präsenz Wohnzimmer ohne aktive Rampe, zentraler letzter Wert 5850 K gesendet"
I: 2026/10/02 13:43:56 job-script-lua.go:292: G: f0224d36-ef9d-4f8b-a08b-5b07ebcd81e5, J: Lua Script (10d2d11f-7d6f-4843-b130-2dbb238f823e) - Script (Handle: 4728763) sent log message: "Tunable White: Präsenz AUS erkannt, keine Farbänderung"
I: 2026/10/02 13:43:57 job-script-lua.go:292: G: f0224d36-ef9d-4f8b-a08b-5b07ebcd81e5, J: Lua Script (10d2d11f-7d6f-4843-b130-2dbb238f823e) - Script (Handle: 4728765) sent log message: "Tunable White: Präsenz Wohnzimmer ohne aktive Rampe, zentraler letzter Wert 5850 K gesendet"
I: 2026/10/02 13:44:03 job-script-lua.go:292: G: f0224d36-ef9d-4f8b-a08b-5b07ebcd81e5, J: Lua Script (10d2d11f-7d6f-4843-b130-2dbb238f823e) - Script (Handle: 4728777) sent log message: "Tunable White: Präsenz AUS erkannt, keine Farbänderung"
I: 2026/10/02 13:44:04 job-script-lua.go:292: G: f0224d36-ef9d-4f8b-a08b-5b07ebcd81e5, J: Lua Script (10d2d11f-7d6f-4843-b130-2dbb238f823e) - Script (Handle: 4728779) sent log message: "Tunable White: Präsenz Wohnzimmer ohne aktive Rampe, zentraler letzter Wert 5850 K gesendet"
I: 2026/10/02 13:44:07 job-script-lua.go:292: G: f0224d36-ef9d-4f8b-a08b-5b07ebcd81e5, J: Lua Script (10d2d11f-7d6f-4843-b130-2dbb238f823e) - Script (Handle: 4728785) sent log message: "Tunable White: Präsenz AUS erkannt, keine Farbänderung"
I: 2026/10/02 13:44:08 job-script-lua.go:292: G: f0224d36-ef9d-4f8b-a08b-5b07ebcd81e5, J: Lua Script (10d2d11f-7d6f-4843-b130-2dbb238f823e) - Script (Handle: 4728787) sent log message: "Tunable White: Präsenz Wohnzimmer ohne aktive Rampe, zentraler letzter Wert 5850 K gesendet"
I: 2026/10/02 13:44:09 job-script-lua.go:292: G: f0224d36-ef9d-4f8b-a08b-5b07ebcd81e5, J: Lua Script (10d2d11f-7d6f-4843-b130-2dbb238f823e) - Script (Handle: 4728789) sent log message: "Tunable White: Präsenz AUS erkannt, keine Farbänderung"
I: 2026/10/02 13:44:14 job-script-lua.go:292: G: f0224d36-ef9d-4f8b-a08b-5b07ebcd81e5, J: Lua Script (10d2d11f-7d6f-4843-b130-2dbb238f823e) - Script (Handle: 4728799) sent log message: "Tunable White: Präsenz Wohnzimmer ohne aktive Rampe, zentraler letzter Wert 5850 K gesendet"
I: 2026/10/02 13:45:38 job-script-lua.go:292: G: f0224d36-ef9d-4f8b-a08b-5b07ebcd81e5, J: Lua Script (10d2d11f-7d6f-4843-b130-2dbb238f823e) - Script (Handle: 4728967) sent log message: "Tunable White: Präsenz AUS erkannt, keine Farbänderung"
I: 2026/10/02 13:45:44 job-script-lua.go:292: G: f0224d36-ef9d-4f8b-a08b-5b07ebcd81e5, J: Lua Script (10d2d11f-7d6f-4843-b130-2dbb238f823e) - Script (Handle: 4728979) sent log message: "Tunable White: Präsenz Wohnzimmer ohne aktive Rampe, zentraler letzter Wert 5850 K gesendet"
I: 2026/10/02 13:47:51 job-script-lua.go:292: G: f0224d36-ef9d-4f8b-a08b-5b07ebcd81e5, J: Lua Script (10d2d11f-7d6f-4843-b130-2dbb238f823e) - Script (Handle: 4729233) sent log message: "Tunable White: Präsenz AUS erkannt, keine Farbänderung"
I: 2026/10/02 13:47:52 job-script-lua.go:292: G: f0224d36-ef9d-4f8b-a08b-5b07ebcd81e5, J: Lua Script (10d2d11f-7d6f-4843-b130-2dbb238f823e) - Script (Handle: 4729235) sent log message: "Tunable White: Präsenz Wohnzimmer ohne aktive Rampe, zentraler letzter Wert 5850 K gesendet"
I: 2026/10/02 13:47:58 job-script-lua.go:292: G: f0224d36-ef9d-4f8b-a08b-5b07ebcd81e5, J: Lua Script (10d2d11f-7d6f-4843-b130-2dbb238f823e) - Script (Handle: 4729249) sent log message: "Tunable White: Präsenz AUS erkannt, keine Farbänderung"
I: 2026/10/02 13:48:03 job-script-lua.go:292: G: f0224d36-ef9d-4f8b-a08b-5b07ebcd81e5, J: Lua Script (10d2d11f-7d6f-4843-b130-2dbb238f823e) - Script (Handle: 4729260) sent log message: "Tunable White: Präsenz Wohnzimmer ohne aktive Rampe, zentraler letzter Wert 5850 K gesendet"
I: 2026/10/02 13:48:08 job-script-lua.go:292: G: f0224d36-ef9d-4f8b-a08b-5b07ebcd81e5, J: Lua Script (10d2d11f-7d6f-4843-b130-2dbb238f823e) - Script (Handle: 4729269) sent log message: "Tunable White: Präsenz AUS erkannt, keine Farbänderung"
I: 2026/10/02 13:48:10 job-script-lua.go:292: G: f0224d36-ef9d-4f8b-a08b-5b07ebcd81e5, J: Lua Script (10d2d11f-7d6f-4843-b130-2dbb238f823e) - Script (Handle: 4729273) sent log message: "Tunable White: Präsenz Wohnzimmer ohne aktive Rampe, zentraler letzter Wert 5850 K gesendet"
I: 2026/10/02 13:48:32 job-script-lua.go:292: G: f0224d36-ef9d-4f8b-a08b-5b07ebcd81e5, J: Lua Script (10d2d11f-7d6f-4843-b130-2dbb238f823e) - Script (Handle: 4729317) sent log message: "Tunable White: Präsenz AUS erkannt, keine Farbänderung"
I: 2026/10/02 13:48:36 job-script-lua.go:292: G: f0224d36-ef9d-4f8b-a08b-5b07ebcd81e5, J: Lua Script (10d2d11f-7d6f-4843-b130-2dbb238f823e) - Script (Handle: 4729325) sent log message: "Tunable White: Präsenz Wohnzimmer ohne aktive Rampe, zentraler letzter Wert 5850 K gesendet"
I: 2026/10/02 13:48:36 job-script-lua.go:292: G: f0224d36-ef9d-4f8b-a08b-5b07ebcd81e5, J: Lua Script (10d2d11f-7d6f-4843-b130-2dbb238f823e) - Script (Handle: 4729327) sent log message: "Tunable White: Präsenz AUS erkannt, keine Farbänderung"
I: 2026/10/02 13:48:38 job-script-lua.go:292: G: f0224d36-ef9d-4f8b-a08b-5b07ebcd81e5, J: Lua Script (10d2d11f-7d6f-4843-b130-2dbb238f823e) - Script (Handle: 4729330) sent log message: "Tunable White: Präsenz Wohnzimmer ohne aktive Rampe, zentraler letzter Wert 5850 K gesendet"
I: 2026/10/02 13:48:39 job-script-lua.go:292: G: f0224d36-ef9d-4f8b-a08b-5b07ebcd81e5, J: Lua Script (10d2d11f-7d6f-4843-b130-2dbb238f823e) - Script (Handle: 4729332) sent log message: "Tunable White: Präsenz AUS erkannt, keine Farbänderung"
I: 2026/10/02 13:48:43 job-script-lua.go:292: G: f0224d36-ef9d-4f8b-a08b-5b07ebcd81e5, J: Lua Script (10d2d11f-7d6f-4843-b130-2dbb238f823e) - Script (Handle: 4729340) sent log message: "Tunable White: Präsenz Wohnzimmer ohne aktive Rampe, zentraler letzter Wert 5850 K gesendet"
I: 2026/10/02 13:48:44 job-script-lua.go:292: G: f0224d36-ef9d-4f8b-a08b-5b07ebcd81e5, J: Lua Script (10d2d11f-7d6f-4843-b130-2dbb238f823e) - Script (Handle: 4729344) sent log message: "Tunable White: Präsenz AUS erkannt, keine Farbänderung"
I: 2026/10/02 13:48:45 job-script-lua.go:292: G: f0224d36-ef9d-4f8b-a08b-5b07ebcd81e5, J: Lua Script (10d2d11f-7d6f-4843-b130-2dbb238f823e) - Script (Handle: 4729347) sent log message: "Tunable White: Präsenz Wohnzimmer ohne aktive Rampe, zentraler letzter Wert 5850 K gesendet"
I: 2026/10/02 13:48:57 job-script-lua.go:292: G: f0224d36-ef9d-4f8b-a08b-5b07ebcd81e5, J: Lua Script (10d2d11f-7d6f-4843-b130-2dbb238f823e) - Script (Handle: 4729372) sent log message: "Tunable White: Präsenz AUS erkannt, keine Farbänderung"
I: 2026/10/02 13:49:05 job-script-lua.go:292: G: f0224d36-ef9d-4f8b-a08b-5b07ebcd81e5, J: Lua Script (10d2d11f-7d6f-4843-b130-2dbb238f823e) - Script (Handle: 4729387) sent log message: "Tunable White: Präsenz Wohnzimmer ohne aktive Rampe, zentraler letzter Wert 5850 K gesendet"
I: 2026/10/02 13:49:13 job-script-lua.go:292: G: f0224d36-ef9d-4f8b-a08b-5b07ebcd81e5, J: Lua Script (10d2d11f-7d6f-4843-b130-2dbb238f823e) - Script (Handle: 4729403) sent log message: "Tunable White: Präsenz AUS erkannt, keine Farbänderung"
I: 2026/10/02 13:49:20 job-script-lua.go:292: G: f0224d36-ef9d-4f8b-a08b-5b07ebcd81e5, J: Lua Script (10d2d11f-7d6f-4843-b130-2dbb238f823e) - Script (Handle: 4729417) sent log message: "Tunable White: Präsenz Wohnzimmer ohne aktive Rampe, zentraler letzter Wert 5850 K gesendet"
I: 2026/10/02 13:49:22 job-script-lua.go:292: G: f0224d36-ef9d-4f8b-a08b-5b07ebcd81e5, J: Lua Script (10d2d11f-7d6f-4843-b130-2dbb238f823e) - Script (Handle: 4729421) sent log message: "Tunable White: Präsenz AUS erkannt, keine Farbänderung"
I: 2026/10/02 13:49:24 job-script-lua.go:292: G: f0224d36-ef9d-4f8b-a08b-5b07ebcd81e5, J: Lua Script (10d2d11f-7d6f-4843-b130-2dbb238f823e) - Script (Handle: 4729425) sent log message: "Tunable White: Präsenz Wohnzimmer ohne aktive Rampe, zentraler letzter Wert 5850 K gesendet"
I: 2026/10/02 13:49:39 job-script-lua.go:292: G: f0224d36-ef9d-4f8b-a08b-5b07ebcd81e5, J: Lua Script (10d2d11f-7d6f-4843-b130-2dbb238f823e) - Script (Handle: 4729455) sent log message: "Tunable White: Präsenz AUS erkannt, keine Farbänderung"
I: 2026/10/02 13:49:40 job-script-lua.go:292: G: f0224d36-ef9d-4f8b-a08b-5b07ebcd81e5, J: Lua Script (10d2d11f-7d6f-4843-b130-2dbb238f823e) - Script (Handle: 4729457) sent log message: "Tunable White: Präsenz Wohnzimmer ohne aktive Rampe, zentraler letzter Wert 5850 K gesendet"
I: 2026/10/02 13:50:28 job-script-lua.go:292: G: f0224d36-ef9d-4f8b-a08b-5b07ebcd81e5, J: Lua Script (10d2d11f-7d6f-4843-b130-2dbb238f823e) - Script (Handle: 4729553) sent log message: "Tunable White: Präsenz AUS erkannt, keine Farbänderung"
I: 2026/10/02 13:50:29 job-script-lua.go:292: G: f0224d36-ef9d-4f8b-a08b-5b07ebcd81e5, J: Lua Script (10d2d11f-7d6f-4843-b130-2dbb238f823e) - Script (Handle: 4729555) sent log message: "Tunable White: Präsenz Wohnzimmer ohne aktive Rampe, zentraler letzter Wert 5850 K gesendet"
I: 2026/10/02 13:50:47 job-script-lua.go:292: G: f0224d36-ef9d-4f8b-a08b-5b07ebcd81e5, J: Lua Script (10d2d11f-7d6f-4843-b130-2dbb238f823e) - Script (Handle: 4729591) sent log message: "Tunable White: Präsenz AUS erkannt, keine Farbänderung"
I: 2026/10/02 13:50:49 job-script-lua.go:292: G: f0224d36-ef9d-4f8b-a08b-5b07ebcd81e5, J: Lua Script (10d2d11f-7d6f-4843-b130-2dbb238f823e) - Script (Handle: 4729595) sent log message: "Tunable White: Präsenz Wohnzimmer ohne aktive Rampe, zentraler letzter Wert 5850 K gesendet"
I: 2026/10/02 13:50:50 job-script-lua.go:292: G: f0224d36-ef9d-4f8b-a08b-5b07ebcd81e5, J: Lua Script (10d2d11f-7d6f-4843-b130-2dbb238f823e) - Script (Handle: 4729597) sent log message: "Tunable White: Präsenz AUS erkannt, keine Farbänderung"
I: 2026/10/02 13:50:52 job-script-lua.go:292: G: f0224d36-ef9d-4f8b-a08b-5b07ebcd81e5, J: Lua Script (10d2d11f-7d6f-4843-b130-2dbb238f823e) - Script (Handle: 4729601) sent log message: "Tunable White: Präsenz Wohnzimmer ohne aktive Rampe, zentraler letzter Wert 5850 K gesendet"
I: 2026/10/02 13:50:56 job-script-lua.go:292: G: f0224d36-ef9d-4f8b-a08b-5b07ebcd81e5, J: Lua Script (10d2d11f-7d6f-4843-b130-2dbb238f823e) - Script (Handle: 4729609) sent log message: "Tunable White: Präsenz AUS erkannt, keine Farbänderung"
I: 2026/10/02 13:51:03 job-script-lua.go:292: G: f0224d36-ef9d-4f8b-a08b-5b07ebcd81e5, J: Lua Script (10d2d11f-7d6f-4843-b130-2dbb238f823e) - Script (Handle: 4729623) sent log message: "Tunable White: Präsenz Wohnzimmer ohne aktive Rampe, zentraler letzter Wert 5850 K gesendet"
I: 2026/10/02 13:51:04 job-script-lua.go:292: G: f0224d36-ef9d-4f8b-a08b-5b07ebcd81e5, J: Lua Script (10d2d11f-7d6f-4843-b130-2dbb238f823e) - Script (Handle: 4729625) sent log message: "Tunable White: Präsenz AUS erkannt, keine Farbänderung"
I: 2026/10/02 13:51:05 job-script-lua.go:292: G: f0224d36-ef9d-4f8b-a08b-5b07ebcd81e5, J: Lua Script (10d2d11f-7d6f-4843-b130-2dbb238f823e) - Script (Handle: 4729627) sent log message: "Tunable White: Präsenz Wohnzimmer ohne aktive Rampe, zentraler letzter Wert 5850 K gesendet"
I: 2026/10/02 13:51:06 job-script-lua.go:292: G: f0224d36-ef9d-4f8b-a08b-5b07ebcd81e5, J: Lua Script (10d2d11f-7d6f-4843-b130-2dbb238f823e) - Script (Handle: 4729629) sent log message: "Tunable White: Präsenz AUS erkannt, keine Farbänderung"
I: 2026/10/02 13:51:08 job-script-lua.go:292: G: f0224d36-ef9d-4f8b-a08b-5b07ebcd81e5, J: Lua Script (10d2d11f-7d6f-4843-b130-2dbb238f823e) - Script (Handle: 4729633) sent log message: "Tunable White: Präsenz Wohnzimmer ohne aktive Rampe, zentraler letzter Wert 5850 K gesendet"
I: 2026/10/02 13:51:16 job-script-lua.go:292: G: dd435b00-0506-477f-8396-fd8224809bf9, J: Brightness_Dimming (6e459dd3-7d0a-43ad-958b-2daf5cdd082b) - Script (Handle: 4729649) sent log message: "BadOben Dimming: Bad EIN Trigger: out1=100%"
I: 2026/10/02 13:51:22 job-script-lua.go:292: G: f0224d36-ef9d-4f8b-a08b-5b07ebcd81e5, J: Lua Script (10d2d11f-7d6f-4843-b130-2dbb238f823e) - Script (Handle: 4729661) sent log message: "Tunable White: Präsenz AUS erkannt, keine Farbänderung"
I: 2026/10/02 13:53:40 job-script-lua.go:292: G: f0224d36-ef9d-4f8b-a08b-5b07ebcd81e5, J: Lua Script (10d2d11f-7d6f-4843-b130-2dbb238f823e) - Script (Handle: 4729937) sent log message: "Tunable White: Präsenz Flur ohne aktive Rampe, zentraler und Flur-letzter Wert 5850 K gesendet"
I: 2026/10/02 13:53:44 job-script-lua.go:292: G: f0224d36-ef9d-4f8b-a08b-5b07ebcd81e5, J: Lua Script (10d2d11f-7d6f-4843-b130-2dbb238f823e) - Script (Handle: 4729945) sent log message: "Tunable White: Präsenz AUS erkannt, keine Farbänderung"
I: 2026/10/02 13:53:45 job-script-lua.go:292: G: f0224d36-ef9d-4f8b-a08b-5b07ebcd81e5, J: Lua Script (10d2d11f-7d6f-4843-b130-2dbb238f823e) - Script (Handle: 4729947) sent log message: "Tunable White: Präsenz Wohnzimmer ohne aktive Rampe, zentraler letzter Wert 5850 K gesendet"
I: 2026/10/02 13:53:46 job-script-lua.go:292: G: f0224d36-ef9d-4f8b-a08b-5b07ebcd81e5, J: Lua Script (10d2d11f-7d6f-4843-b130-2dbb238f823e) - Script (Handle: 4729949) sent log message: "Tunable White: Präsenz AUS erkannt, keine Farbänderung"
I: 2026/10/02 13:53:49 job-script-lua.go:292: G: f0224d36-ef9d-4f8b-a08b-5b07ebcd81e5, J: Lua Script (10d2d11f-7d6f-4843-b130-2dbb238f823e) - Script (Handle: 4729955) sent log message: "Tunable White: Präsenz Wohnzimmer ohne aktive Rampe, zentraler letzter Wert 5850 K gesendet"
I: 2026/10/02 13:53:55 job-script-lua.go:292: G: f0224d36-ef9d-4f8b-a08b-5b07ebcd81e5, J: Lua Script (10d2d11f-7d6f-4843-b130-2dbb238f823e) - Script (Handle: 4729967) sent log message: "Tunable White: Präsenz AUS erkannt, keine Farbänderung"
I: 2026/10/02 13:53:57 job-script-lua.go:292: G: f0224d36-ef9d-4f8b-a08b-5b07ebcd81e5, J: Lua Script (10d2d11f-7d6f-4843-b130-2dbb238f823e) - Script (Handle: 4729971) sent log message: "Tunable White: Präsenz AUS erkannt, keine Farbänderung"
I: 2026/10/02 13:53:59 job-script-lua.go:292: G: f0224d36-ef9d-4f8b-a08b-5b07ebcd81e5, J: Lua Script (10d2d11f-7d6f-4843-b130-2dbb238f823e) - Script (Handle: 4729977) sent log message: "Tunable White: Präsenz Wohnzimmer ohne aktive Rampe, zentraler letzter Wert 5850 K gesendet"
I: 2026/10/02 13:54:01 job-script-lua.go:292: G: f0224d36-ef9d-4f8b-a08b-5b07ebcd81e5, J: Lua Script (10d2d11f-7d6f-4843-b130-2dbb238f823e) - Script (Handle: 4729980) sent log message: "Tunable White: Präsenz Flur ohne aktive Rampe, zentraler und Flur-letzter Wert 5850 K gesendet"
I: 2026/10/02 13:54:16 job-script-lua.go:292: G: f0224d36-ef9d-4f8b-a08b-5b07ebcd81e5, J: Lua Script (10d2d11f-7d6f-4843-b130-2dbb238f823e) - Script (Handle: 4730010) sent log message: "Tunable White: Präsenz AUS erkannt, keine Farbänderung"
I: 2026/10/02 13:54:19 job-script-lua.go:292: G: f0224d36-ef9d-4f8b-a08b-5b07ebcd81e5, J: Lua Script (10d2d11f-7d6f-4843-b130-2dbb238f823e) - Script (Handle: 4730018) sent log message: "Tunable White: Präsenz Wohnzimmer ohne aktive Rampe, zentraler letzter Wert 5850 K gesendet"
I: 2026/10/02 13:54:20 job-script-lua.go:292: G: f0224d36-ef9d-4f8b-a08b-5b07ebcd81e5, J: Lua Script (10d2d11f-7d6f-4843-b130-2dbb238f823e) - Script (Handle: 4730021) sent log message: "Tunable White: Präsenz AUS erkannt, keine Farbänderung"
I: 2026/10/02 13:54:21 job-script-lua.go:292: G: f0224d36-ef9d-4f8b-a08b-5b07ebcd81e5, J: Lua Script (10d2d11f-7d6f-4843-b130-2dbb238f823e) - Script (Handle: 4730024) sent log message: "Tunable White: Präsenz Wohnzimmer ohne aktive Rampe, zentraler letzter Wert 5850 K gesendet"
I: 2026/10/02 13:54:22 job-script-lua.go:292: G: f0224d36-ef9d-4f8b-a08b-5b07ebcd81e5, J: Lua Script (10d2d11f-7d6f-4843-b130-2dbb238f823e) - Script (Handle: 4730027) sent log message: "Tunable White: Präsenz AUS erkannt, keine Farbänderung"
I: 2026/10/02 13:54:23 job-script-lua.go:292: G: f0224d36-ef9d-4f8b-a08b-5b07ebcd81e5, J: Lua Script (10d2d11f-7d6f-4843-b130-2dbb238f823e) - Script (Handle: 4730030) sent log message: "Tunable White: Präsenz Wohnzimmer ohne aktive Rampe, zentraler letzter Wert 5850 K gesendet"
I: 2026/10/02 13:54:27 job-script-lua.go:292: G: f0224d36-ef9d-4f8b-a08b-5b07ebcd81e5, J: Lua Script (10d2d11f-7d6f-4843-b130-2dbb238f823e) - Script (Handle: 4730037) sent log message: "Tunable White: Präsenz AUS erkannt, keine Farbänderung"
I: 2026/10/02 13:56:27 yale-starter.go:180: Start saving job volatile values
I: 2026/10/02 13:56:42 job-script-lua.go:292: G: f0224d36-ef9d-4f8b-a08b-5b07ebcd81e5, J: Lua Script (10d2d11f-7d6f-4843-b130-2dbb238f823e) - Script (Handle: 4730307) sent log message: "Tunable White: Präsenz AUS erkannt, keine Farbänderung"
I: 2026/10/02 13:56:43 job-script-lua.go:292: G: f0224d36-ef9d-4f8b-a08b-5b07ebcd81e5, J: Lua Script (10d2d11f-7d6f-4843-b130-2dbb238f823e) - Script (Handle: 4730309) sent log message: "Tunable White: Präsenz Wohnzimmer ohne aktive Rampe, zentraler letzter Wert 5850 K gesendet"
I: 2026/10/02 13:58:52 job-script-lua.go:292: G: f0224d36-ef9d-4f8b-a08b-5b07ebcd81e5, J: Lua Script (10d2d11f-7d6f-4843-b130-2dbb238f823e) - Script (Handle: 4730569) sent log message: "Tunable White: Präsenz AUS erkannt, keine Farbänderung"
I: 2026/10/02 13:58:53 job-script-lua.go:292: G: f0224d36-ef9d-4f8b-a08b-5b07ebcd81e5, J: Lua Script (10d2d11f-7d6f-4843-b130-2dbb238f823e) - Script (Handle: 4730572) sent log message: "Tunable White: Präsenz Wohnzimmer ohne aktive Rampe, zentraler letzter Wert 5850 K gesendet"
I: 2026/10/02 13:59:12 job-script-lua.go:292: G: f0224d36-ef9d-4f8b-a08b-5b07ebcd81e5, J: Lua Script (10d2d11f-7d6f-4843-b130-2dbb238f823e) - Script (Handle: 4730609) sent log message: "Tunable White: Präsenz AUS erkannt, keine Farbänderung"
I: 2026/10/02 13:59:13 job-script-lua.go:292: G: f0224d36-ef9d-4f8b-a08b-5b07ebcd81e5, J: Lua Script (10d2d11f-7d6f-4843-b130-2dbb238f823e) - Script (Handle: 4730611) sent log message: "Tunable White: Präsenz Wohnzimmer ohne aktive Rampe, zentraler letzter Wert 5850 K gesendet"
I: 2026/10/02 13:59:14 job-script-lua.go:292: G: f0224d36-ef9d-4f8b-a08b-5b07ebcd81e5, J: Lua Script (10d2d11f-7d6f-4843-b130-2dbb238f823e) - Script (Handle: 4730613) sent log message: "Tunable White: Präsenz AUS erkannt, keine Farbänderung"
I: 2026/10/02 13:59:20 job-script-lua.go:292: G: f0224d36-ef9d-4f8b-a08b-5b07ebcd81e5, J: Lua Script (10d2d11f-7d6f-4843-b130-2dbb238f823e) - Script (Handle: 4730625) sent log message: "Tunable White: Präsenz Wohnzimmer ohne aktive Rampe, zentraler letzter Wert 5850 K gesendet"
I: 2026/10/02 13:59:36 job-script-lua.go:292: G: f0224d36-ef9d-4f8b-a08b-5b07ebcd81e5, J: Lua Script (10d2d11f-7d6f-4843-b130-2dbb238f823e) - Script (Handle: 4730657) sent log message: "Tunable White: Präsenz AUS erkannt, keine Farbänderung"
I: 2026/10/02 13:59:37 job-script-lua.go:292: G: f0224d36-ef9d-4f8b-a08b-5b07ebcd81e5, J: Lua Script (10d2d11f-7d6f-4843-b130-2dbb238f823e) - Script (Handle: 4730659) sent log message: "Tunable White: Präsenz Wohnzimmer ohne aktive Rampe, zentraler letzter Wert 5850 K gesendet"
I: 2026/10/02 14:01:53 job-script-lua.go:292: G: f0224d36-ef9d-4f8b-a08b-5b07ebcd81e5, J: Lua Script (10d2d11f-7d6f-4843-b130-2dbb238f823e) - Script (Handle: 4730931) sent log message: "Tunable White: Präsenz AUS erkannt, keine Farbänderung"
I: 2026/10/02 14:01:54 job-script-lua.go:292: G: f0224d36-ef9d-4f8b-a08b-5b07ebcd81e5, J: Lua Script (10d2d11f-7d6f-4843-b130-2dbb238f823e) - Script (Handle: 4730933) sent log message: "Tunable White: Präsenz Wohnzimmer ohne aktive Rampe, zentraler letzter Wert 5850 K gesendet"
I: 2026/10/02 14:06:32 job-script-lua.go:292: G: f0224d36-ef9d-4f8b-a08b-5b07ebcd81e5, J: Lua Script (10d2d11f-7d6f-4843-b130-2dbb238f823e) - Script (Handle: 4731491) sent log message: "Tunable White: Präsenz AUS erkannt, keine Farbänderung"
I: 2026/10/02 14:06:34 job-script-lua.go:292: G: f0224d36-ef9d-4f8b-a08b-5b07ebcd81e5, J: Lua Script (10d2d11f-7d6f-4843-b130-2dbb238f823e) - Script (Handle: 4731494) sent log message: "Tunable White: Präsenz Wohnzimmer ohne aktive Rampe, zentraler letzter Wert 5850 K gesendet"
I: 2026/10/02 14:08:01 job-script-lua.go:292: G: f0224d36-ef9d-4f8b-a08b-5b07ebcd81e5, J: Lua Script (10d2d11f-7d6f-4843-b130-2dbb238f823e) - Script (Handle: 4731668) sent log message: "Tunable White: Präsenz AUS erkannt, keine Farbänderung"
I: 2026/10/02 14:08:01 job-script-lua.go:292: G: f0224d36-ef9d-4f8b-a08b-5b07ebcd81e5, J: Lua Script (10d2d11f-7d6f-4843-b130-2dbb238f823e) - Script (Handle: 4731670) sent log message: "Tunable White: Präsenz Wohnzimmer ohne aktive Rampe, zentraler letzter Wert 5850 K gesendet"
I: 2026/10/02 14:10:20 job-script-lua.go:292: G: dd435b00-0506-477f-8396-fd8224809bf9, J: Brightness_Dimming (6e459dd3-7d0a-43ad-958b-2daf5cdd082b) - Script (Handle: 4731948) sent log message: "BadOben Dimming: Bad EIN Trigger: out1=100%"
I: 2026/10/02 14:11:24 yale.go:106: YaLE Main (PID: 2661) KeepAliveTicker - 2026-10-02 14:11:24.967809657 +0200 CEST m=+2826001.818342475
I: 2026/10/02 14:11:27 yale-starter.go:180: Start saving job volatile values
I: 2026/10/02 14:11:41 job-script-lua.go:292: G: f0224d36-ef9d-4f8b-a08b-5b07ebcd81e5, J: Lua Script (10d2d11f-7d6f-4843-b130-2dbb238f823e) - Script (Handle: 4732111) sent log message: "Tunable White: Präsenz AUS erkannt, keine Farbänderung"
I: 2026/10/02 14:11:45 job-script-lua.go:292: G: f0224d36-ef9d-4f8b-a08b-5b07ebcd81e5, J: Lua Script (10d2d11f-7d6f-4843-b130-2dbb238f823e) - Script (Handle: 4732118) sent log message: "Tunable White: Präsenz Wohnzimmer ohne aktive Rampe, zentraler letzter Wert 5850 K gesendet"
I: 2026/10/02 14:11:46 job-script-lua.go:292: G: f0224d36-ef9d-4f8b-a08b-5b07ebcd81e5, J: Lua Script (10d2d11f-7d6f-4843-b130-2dbb238f823e) - Script (Handle: 4732120) sent log message: "Tunable White: Präsenz AUS erkannt, keine Farbänderung"
I: 2026/10/02 14:11:47 job-script-lua.go:292: G: f0224d36-ef9d-4f8b-a08b-5b07ebcd81e5, J: Lua Script (10d2d11f-7d6f-4843-b130-2dbb238f823e) - Script (Handle: 4732124) sent log message: "Tunable White: Präsenz Wohnzimmer ohne aktive Rampe, zentraler letzter Wert 5850 K gesendet"
I: 2026/10/02 14:11:54 job-script-lua.go:292: G: f0224d36-ef9d-4f8b-a08b-5b07ebcd81e5, J: Lua Script (10d2d11f-7d6f-4843-b130-2dbb238f823e) - Script (Handle: 4732136) sent log message: "Tunable White: Präsenz AUS erkannt, keine Farbänderung"
I: 2026/10/02 14:11:55 job-script-lua.go:292: G: f0224d36-ef9d-4f8b-a08b-5b07ebcd81e5, J: Lua Script (10d2d11f-7d6f-4843-b130-2dbb238f823e) - Script (Handle: 4732138) sent log message: "Tunable White: Präsenz Wohnzimmer ohne aktive Rampe, zentraler letzter Wert 5850 K gesendet"
I: 2026/10/02 14:11:56 job-script-lua.go:292: G: f0224d36-ef9d-4f8b-a08b-5b07ebcd81e5, J: Lua Script (10d2d11f-7d6f-4843-b130-2dbb238f823e) - Script (Handle: 4732140) sent log message: "Tunable White: Präsenz AUS erkannt, keine Farbänderung"
I: 2026/10/02 14:11:57 job-script-lua.go:292: G: f0224d36-ef9d-4f8b-a08b-5b07ebcd81e5, J: Lua Script (10d2d11f-7d6f-4843-b130-2dbb238f823e) - Script (Handle: 4732142) sent log message: "Tunable White: Präsenz Wohnzimmer ohne aktive Rampe, zentraler letzter Wert 5850 K gesendet"
I: 2026/10/02 14:11:58 job-script-lua.go:292: G: f0224d36-ef9d-4f8b-a08b-5b07ebcd81e5, J: Lua Script (10d2d11f-7d6f-4843-b130-2dbb238f823e) - Script (Handle: 4732144) sent log message: "Tunable White: Präsenz AUS erkannt, keine Farbänderung"
I: 2026/10/02 14:12:01 job-script-lua.go:292: G: f0224d36-ef9d-4f8b-a08b-5b07ebcd81e5, J: Lua Script (10d2d11f-7d6f-4843-b130-2dbb238f823e) - Script (Handle: 4732150) sent log message: "Tunable White: Präsenz Wohnzimmer ohne aktive Rampe, zentraler letzter Wert 5850 K gesendet"
I: 2026/10/02 14:12:07 job-script-lua.go:292: G: f0224d36-ef9d-4f8b-a08b-5b07ebcd81e5, J: Lua Script (10d2d11f-7d6f-4843-b130-2dbb238f823e) - Script (Handle: 4732162) sent log message: "Tunable White: Präsenz AUS erkannt, keine Farbänderung"
I: 2026/10/02 14:12:08 job-script-lua.go:292: G: f0224d36-ef9d-4f8b-a08b-5b07ebcd81e5, J: Lua Script (10d2d11f-7d6f-4843-b130-2dbb238f823e) - Script (Handle: 4732164) sent log message: "Tunable White: Präsenz Wohnzimmer ohne aktive Rampe, zentraler letzter Wert 5850 K gesendet"
I: 2026/10/02 14:12:09 job-script-lua.go:292: G: f0224d36-ef9d-4f8b-a08b-5b07ebcd81e5, J: Lua Script (10d2d11f-7d6f-4843-b130-2dbb238f823e) - Script (Handle: 4732166) sent log message: "Tunable White: Präsenz AUS erkannt, keine Farbänderung"
I: 2026/10/02 14:12:12 job-script-lua.go:292: G: f0224d36-ef9d-4f8b-a08b-5b07ebcd81e5, J: Lua Script (10d2d11f-7d6f-4843-b130-2dbb238f823e) - Script (Handle: 0) sent log message: "Tunable White: Präsenz Flur ohne aktive Rampe, zentraler und Flur-letzter Wert 5850 K gesendet"
I: 2026/10/02 14:12:25 job-script-lua.go:292: G: f0224d36-ef9d-4f8b-a08b-5b07ebcd81e5, J: Lua Script (10d2d11f-7d6f-4843-b130-2dbb238f823e) - Script (Handle: 4732199) sent log message: "Tunable White: Präsenz AUS erkannt, keine Farbänderung"
I: 2026/10/02 14:12:27 job-script-lua.go:292: G: f0224d36-ef9d-4f8b-a08b-5b07ebcd81e5, J: Lua Script (10d2d11f-7d6f-4843-b130-2dbb238f823e) - Script (Handle: 4732203) sent log message: "Tunable White: Präsenz Wohnzimmer ohne aktive Rampe, zentraler letzter Wert 5850 K gesendet"
I: 2026/10/02 14:12:32 job-script-lua.go:292: G: f0224d36-ef9d-4f8b-a08b-5b07ebcd81e5, J: Lua Script (10d2d11f-7d6f-4843-b130-2dbb238f823e) - Script (Handle: 4732213) sent log message: "Tunable White: Präsenz AUS erkannt, keine Farbänderung"
I: 2026/10/02 14:12:35 job-script-lua.go:292: G: f0224d36-ef9d-4f8b-a08b-5b07ebcd81e5, J: Lua Script (10d2d11f-7d6f-4843-b130-2dbb238f823e) - Script (Handle: 4732219) sent log message: "Tunable White: Präsenz Flur ohne aktive Rampe, zentraler und Flur-letzter Wert 5850 K gesendet"
I: 2026/10/02 14:12:50 job-script-lua.go:292: G: f0224d36-ef9d-4f8b-a08b-5b07ebcd81e5, J: Lua Script (10d2d11f-7d6f-4843-b130-2dbb238f823e) - Script (Handle: 4732249) sent log message: "Tunable White: Präsenz AUS erkannt, keine Farbänderung"
I: 2026/10/02 14:13:02 job-script-lua.go:292: G: f0224d36-ef9d-4f8b-a08b-5b07ebcd81e5, J: Lua Script (10d2d11f-7d6f-4843-b130-2dbb238f823e) - Script (Handle: 4732273) sent log message: "Tunable White: Präsenz AUS erkannt, keine Farbänderung"
I: 2026/10/02 14:13:04 job-script-lua.go:292: G: f0224d36-ef9d-4f8b-a08b-5b07ebcd81e5, J: Lua Script (10d2d11f-7d6f-4843-b130-2dbb238f823e) - Script (Handle: 4732277) sent log message: "Tunable White: Präsenz Wohnzimmer ohne aktive Rampe, zentraler letzter Wert 5850 K gesendet"
I: 2026/10/02 14:13:05 job-script-lua.go:292: G: f0224d36-ef9d-4f8b-a08b-5b07ebcd81e5, J: Lua Script (10d2d11f-7d6f-4843-b130-2dbb238f823e) - Script (Handle: 4732279) sent log message: "Tunable White: Präsenz AUS erkannt, keine Farbänderung"
I: 2026/10/02 14:13:09 job-script-lua.go:292: G: f0224d36-ef9d-4f8b-a08b-5b07ebcd81e5, J: Lua Script (10d2d11f-7d6f-4843-b130-2dbb238f823e) - Script (Handle: 4732287) sent log message: "Tunable White: Präsenz Wohnzimmer ohne aktive Rampe, zentraler letzter Wert 5850 K gesendet"
I: 2026/10/02 14:13:10 job-script-lua.go:292: G: f0224d36-ef9d-4f8b-a08b-5b07ebcd81e5, J: Lua Script (10d2d11f-7d6f-4843-b130-2dbb238f823e) - Script (Handle: 4732289) sent log message: "Tunable White: Präsenz AUS erkannt, keine Farbänderung"
I: 2026/10/02 14:13:15 job-script-lua.go:292: G: f0224d36-ef9d-4f8b-a08b-5b07ebcd81e5, J: Lua Script (10d2d11f-7d6f-4843-b130-2dbb238f823e) - Script (Handle: 4732299) sent log message: "Tunable White: Präsenz Wohnzimmer ohne aktive Rampe, zentraler letzter Wert 5850 K gesendet"
I: 2026/10/02 14:22:00 job-script-lua.go:292: G: f0224d36-ef9d-4f8b-a08b-5b07ebcd81e5, J: Lua Script (10d2d11f-7d6f-4843-b130-2dbb238f823e) - Script (Handle: 4733349) sent log message: "Tunable White: Präsenz AUS erkannt, keine Farbänderung"
I: 2026/10/02 14:22:01 job-script-lua.go:292: G: f0224d36-ef9d-4f8b-a08b-5b07ebcd81e5, J: Lua Script (10d2d11f-7d6f-4843-b130-2dbb238f823e) - Script (Handle: 4733351) sent log message: "Tunable White: Präsenz Wohnzimmer ohne aktive Rampe, zentraler letzter Wert 5850 K gesendet"
I: 2026/10/02 14:26:27 yale-starter.go:180: Start saving job volatile values
I: 2026/10/02 14:36:18 job-script-lua.go:292: G: f0224d36-ef9d-4f8b-a08b-5b07ebcd81e5, J: Lua Script (10d2d11f-7d6f-4843-b130-2dbb238f823e) - Script (Handle: 4735065) sent log message: "Tunable White: Präsenz AUS erkannt, keine Farbänderung"
I: 2026/10/02 14:36:19 job-script-lua.go:292: G: f0224d36-ef9d-4f8b-a08b-5b07ebcd81e5, J: Lua Script (10d2d11f-7d6f-4843-b130-2dbb238f823e) - Script (Handle: 4735067) sent log message: "Tunable White: Präsenz Wohnzimmer ohne aktive Rampe, zentraler letzter Wert 5850 K gesendet"
I: 2026/10/02 14:36:20 job-script-lua.go:292: G: f0224d36-ef9d-4f8b-a08b-5b07ebcd81e5, J: Lua Script (10d2d11f-7d6f-4843-b130-2dbb238f823e) - Script (Handle: 4735069) sent log message: "Tunable White: Präsenz AUS erkannt, keine Farbänderung"
I: 2026/10/02 14:36:27 job-script-lua.go:292: G: f0224d36-ef9d-4f8b-a08b-5b07ebcd81e5, J: Lua Script (10d2d11f-7d6f-4843-b130-2dbb238f823e) - Script (Handle: 4735083) sent log message: "Tunable White: Präsenz Wohnzimmer ohne aktive Rampe, zentraler letzter Wert 5850 K gesendet"
I: 2026/10/02 14:36:28 job-script-lua.go:292: G: f0224d36-ef9d-4f8b-a08b-5b07ebcd81e5, J: Lua Script (10d2d11f-7d6f-4843-b130-2dbb238f823e) - Script (Handle: 4735086) sent log message: "Tunable White: Präsenz AUS erkannt, keine Farbänderung"
I: 2026/10/02 14:36:30 job-script-lua.go:292: G: f0224d36-ef9d-4f8b-a08b-5b07ebcd81e5, J: Lua Script (10d2d11f-7d6f-4843-b130-2dbb238f823e) - Script (Handle: 4735090) sent log message: "Tunable White: Präsenz Wohnzimmer ohne aktive Rampe, zentraler letzter Wert 5850 K gesendet"
I: 2026/10/02 14:36:31 job-script-lua.go:292: G: f0224d36-ef9d-4f8b-a08b-5b07ebcd81e5, J: Lua Script (10d2d11f-7d6f-4843-b130-2dbb238f823e) - Script (Handle: 4735092) sent log message: "Tunable White: Präsenz AUS erkannt, keine Farbänderung"
I: 2026/10/02 14:36:39 job-script-lua.go:292: G: f0224d36-ef9d-4f8b-a08b-5b07ebcd81e5, J: Lua Script (10d2d11f-7d6f-4843-b130-2dbb238f823e) - Script (Handle: 4735108) sent log message: "Tunable White: Präsenz Flur ohne aktive Rampe, zentraler und Flur-letzter Wert 5850 K gesendet"
I: 2026/10/02 14:37:36 job-script-lua.go:292: G: f0224d36-ef9d-4f8b-a08b-5b07ebcd81e5, J: Lua Script (10d2d11f-7d6f-4843-b130-2dbb238f823e) - Script (Handle: 4735222) sent log message: "Tunable White: Präsenz AUS erkannt, keine Farbänderung"
I: 2026/10/02 14:37:38 job-script-lua.go:292: G: f0224d36-ef9d-4f8b-a08b-5b07ebcd81e5, J: Lua Script (10d2d11f-7d6f-4843-b130-2dbb238f823e) - Script (Handle: 4735226) sent log message: "Tunable White: Präsenz Wohnzimmer ohne aktive Rampe, zentraler letzter Wert 5850 K gesendet"
I: 2026/10/02 14:37:51 job-script-lua.go:292: G: f0224d36-ef9d-4f8b-a08b-5b07ebcd81e5, J: Lua Script (10d2d11f-7d6f-4843-b130-2dbb238f823e) - Script (Handle: 4735254) sent log message: "Tunable White: Präsenz AUS erkannt, keine Farbänderung"
I: 2026/10/02 14:37:56 job-script-lua.go:292: G: f0224d36-ef9d-4f8b-a08b-5b07ebcd81e5, J: Lua Script (10d2d11f-7d6f-4843-b130-2dbb238f823e) - Script (Handle: 4735265) sent log message: "Tunable White: Präsenz Flur ohne aktive Rampe, zentraler und Flur-letzter Wert 5850 K gesendet"
I: 2026/10/02 14:38:04 job-script-lua.go:292: G: f0224d36-ef9d-4f8b-a08b-5b07ebcd81e5, J: Lua Script (10d2d11f-7d6f-4843-b130-2dbb238f823e) - Script (Handle: 4735280) sent log message: "Tunable White: Präsenz AUS erkannt, keine Farbänderung"
I: 2026/10/02 14:38:08 job-script-lua.go:292: G: f0224d36-ef9d-4f8b-a08b-5b07ebcd81e5, J: Lua Script (10d2d11f-7d6f-4843-b130-2dbb238f823e) - Script (Handle: 4735291) sent log message: "Tunable White: Präsenz Wohnzimmer ohne aktive Rampe, zentraler letzter Wert 5850 K gesendet"
I: 2026/10/02 14:38:11 job-script-lua.go:292: G: f0224d36-ef9d-4f8b-a08b-5b07ebcd81e5, J: Lua Script (10d2d11f-7d6f-4843-b130-2dbb238f823e) - Script (Handle: 4735296) sent log message: "Tunable White: Präsenz AUS erkannt, keine Farbänderung"
I: 2026/10/02 14:38:12 job-script-lua.go:292: G: f0224d36-ef9d-4f8b-a08b-5b07ebcd81e5, J: Lua Script (10d2d11f-7d6f-4843-b130-2dbb238f823e) - Script (Handle: 4735300) sent log message: "Tunable White: Präsenz AUS erkannt, keine Farbänderung"
I: 2026/10/02 14:38:15 job-script-lua.go:292: G: f0224d36-ef9d-4f8b-a08b-5b07ebcd81e5, J: Lua Script (10d2d11f-7d6f-4843-b130-2dbb238f823e) - Script (Handle: 4735305) sent log message: "Tunable White: Präsenz Wohnzimmer ohne aktive Rampe, zentraler letzter Wert 5850 K gesendet"
I: 2026/10/02 14:38:16 job-script-lua.go:292: G: f0224d36-ef9d-4f8b-a08b-5b07ebcd81e5, J: Lua Script (10d2d11f-7d6f-4843-b130-2dbb238f823e) - Script (Handle: 4735307) sent log message: "Tunable White: Präsenz AUS erkannt, keine Farbänderung"
I: 2026/10/02 14:38:17 job-script-lua.go:292: G: f0224d36-ef9d-4f8b-a08b-5b07ebcd81e5, J: Lua Script (10d2d11f-7d6f-4843-b130-2dbb238f823e) - Script (Handle: 4735309) sent log message: "Tunable White: Präsenz Wohnzimmer ohne aktive Rampe, zentraler letzter Wert 5850 K gesendet"
I: 2026/10/02 14:38:18 job-script-lua.go:292: G: f0224d36-ef9d-4f8b-a08b-5b07ebcd81e5, J: Lua Script (10d2d11f-7d6f-4843-b130-2dbb238f823e) - Script (Handle: 4735311) sent log message: "Tunable White: Präsenz AUS erkannt, keine Farbänderung"
I: 2026/10/02 14:38:21 job-script-lua.go:292: G: f0224d36-ef9d-4f8b-a08b-5b07ebcd81e5, J: Lua Script (10d2d11f-7d6f-4843-b130-2dbb238f823e) - Script (Handle: 4735317) sent log message: "Tunable White: Präsenz Wohnzimmer ohne aktive Rampe, zentraler letzter Wert 5850 K gesendet"
I: 2026/10/02 14:39:37 job-script-lua.go:292: G: f0224d36-ef9d-4f8b-a08b-5b07ebcd81e5, J: Lua Script (10d2d11f-7d6f-4843-b130-2dbb238f823e) - Script (Handle: 4735469) sent log message: "Tunable White: Präsenz AUS erkannt, keine Farbänderung"
I: 2026/10/02 14:39:38 job-script-lua.go:292: G: f0224d36-ef9d-4f8b-a08b-5b07ebcd81e5, J: Lua Script (10d2d11f-7d6f-4843-b130-2dbb238f823e) - Script (Handle: 4735471) sent log message: "Tunable White: Präsenz Wohnzimmer ohne aktive Rampe, zentraler letzter Wert 5850 K gesendet"
I: 2026/10/02 14:39:42 job-script-lua.go:292: G: f0224d36-ef9d-4f8b-a08b-5b07ebcd81e5, J: Lua Script (10d2d11f-7d6f-4843-b130-2dbb238f823e) - Script (Handle: 4735479) sent log message: "Tunable White: Präsenz AUS erkannt, keine Farbänderung"
I: 2026/10/02 14:39:43 job-script-lua.go:292: G: f0224d36-ef9d-4f8b-a08b-5b07ebcd81e5, J: Lua Script (10d2d11f-7d6f-4843-b130-2dbb238f823e) - Script (Handle: 4735481) sent log message: "Tunable White: Präsenz Wohnzimmer ohne aktive Rampe, zentraler letzter Wert 5850 K gesendet"
I: 2026/10/02 14:41:27 yale-starter.go:180: Start saving job volatile values
I: 2026/10/02 14:43:15 job-script-lua.go:292: G: f0224d36-ef9d-4f8b-a08b-5b07ebcd81e5, J: Lua Script (10d2d11f-7d6f-4843-b130-2dbb238f823e) - Script (Handle: 4735907) sent log message: "Tunable White: Präsenz AUS erkannt, keine Farbänderung"
I: 2026/10/02 14:43:16 job-script-lua.go:292: G: f0224d36-ef9d-4f8b-a08b-5b07ebcd81e5, J: Lua Script (10d2d11f-7d6f-4843-b130-2dbb238f823e) - Script (Handle: 4735910) sent log message: "Tunable White: Präsenz Wohnzimmer ohne aktive Rampe, zentraler letzter Wert 5850 K gesendet"
I: 2026/10/02 14:44:54 job-script-lua.go:292: G: f0224d36-ef9d-4f8b-a08b-5b07ebcd81e5, J: Lua Script (10d2d11f-7d6f-4843-b130-2dbb238f823e) - Script (Handle: 4736105) sent log message: "Tunable White: Präsenz AUS erkannt, keine Farbänderung"
I: 2026/10/02 14:44:55 job-script-lua.go:292: G: f0224d36-ef9d-4f8b-a08b-5b07ebcd81e5, J: Lua Script (10d2d11f-7d6f-4843-b130-2dbb238f823e) - Script (Handle: 4736107) sent log message: "Tunable White: Präsenz Wohnzimmer ohne aktive Rampe, zentraler letzter Wert 5850 K gesendet"
I: 2026/10/02 14:47:47 job-script-lua.go:292: G: f0224d36-ef9d-4f8b-a08b-5b07ebcd81e5, J: Lua Script (10d2d11f-7d6f-4843-b130-2dbb238f823e) - Script (Handle: 4736451) sent log message: "Tunable White: Präsenz AUS erkannt, keine Farbänderung"
I: 2026/10/02 14:47:48 job-script-lua.go:292: G: f0224d36-ef9d-4f8b-a08b-5b07ebcd81e5, J: Lua Script (10d2d11f-7d6f-4843-b130-2dbb238f823e) - Script (Handle: 4736453) sent log message: "Tunable White: Präsenz Wohnzimmer ohne aktive Rampe, zentraler letzter Wert 5850 K gesendet"
I: 2026/10/02 14:48:54 job-script-lua.go:292: G: f0224d36-ef9d-4f8b-a08b-5b07ebcd81e5, J: Lua Script (10d2d11f-7d6f-4843-b130-2dbb238f823e) - Script (Handle: 4736587) sent log message: "Tunable White: Präsenz AUS erkannt, keine Farbänderung"
I: 2026/10/02 14:48:55 job-script-lua.go:292: G: f0224d36-ef9d-4f8b-a08b-5b07ebcd81e5, J: Lua Script (10d2d11f-7d6f-4843-b130-2dbb238f823e) - Script (Handle: 4736590) sent log message: "Tunable White: Präsenz Wohnzimmer ohne aktive Rampe, zentraler letzter Wert 5850 K gesendet"
I: 2026/10/02 14:55:12 job-script-lua.go:292: G: f0224d36-ef9d-4f8b-a08b-5b07ebcd81e5, J: Lua Script (10d2d11f-7d6f-4843-b130-2dbb238f823e) - Script (Handle: 4737343) sent log message: "Tunable White: Präsenz AUS erkannt, keine Farbänderung"
I: 2026/10/02 14:55:13 job-script-lua.go:292: G: f0224d36-ef9d-4f8b-a08b-5b07ebcd81e5, J: Lua Script (10d2d11f-7d6f-4843-b130-2dbb238f823e) - Script (Handle: 4737345) sent log message: "Tunable White: Präsenz Wohnzimmer ohne aktive Rampe, zentraler letzter Wert 5850 K gesendet"
I: 2026/10/02 14:55:14 job-script-lua.go:292: G: f0224d36-ef9d-4f8b-a08b-5b07ebcd81e5, J: Lua Script (10d2d11f-7d6f-4843-b130-2dbb238f823e) - Script (Handle: 4737347) sent log message: "Tunable White: Präsenz AUS erkannt, keine Farbänderung"
I: 2026/10/02 14:55:15 job-script-lua.go:292: G: f0224d36-ef9d-4f8b-a08b-5b07ebcd81e5, J: Lua Script (10d2d11f-7d6f-4843-b130-2dbb238f823e) - Script (Handle: 4737349) sent log message: "Tunable White: Präsenz Wohnzimmer ohne aktive Rampe, zentraler letzter Wert 5850 K gesendet"
I: 2026/10/02 14:55:16 job-script-lua.go:292: G: f0224d36-ef9d-4f8b-a08b-5b07ebcd81e5, J: Lua Script (10d2d11f-7d6f-4843-b130-2dbb238f823e) - Script (Handle: 4737351) sent log message: "Tunable White: Präsenz AUS erkannt, keine Farbänderung"
I: 2026/10/02 14:55:17 job-script-lua.go:292: G: f0224d36-ef9d-4f8b-a08b-5b07ebcd81e5, J: Lua Script (10d2d11f-7d6f-4843-b130-2dbb238f823e) - Script (Handle: 4737353) sent log message: "Tunable White: Präsenz Wohnzimmer ohne aktive Rampe, zentraler letzter Wert 5850 K gesendet"
I: 2026/10/02 14:55:18 job-script-lua.go:292: G: f0224d36-ef9d-4f8b-a08b-5b07ebcd81e5, J: Lua Script (10d2d11f-7d6f-4843-b130-2dbb238f823e) - Script (Handle: 4737355) sent log message: "Tunable White: Präsenz AUS erkannt, keine Farbänderung"
I: 2026/10/02 14:55:19 job-script-lua.go:292: G: f0224d36-ef9d-4f8b-a08b-5b07ebcd81e5, J: Lua Script (10d2d11f-7d6f-4843-b130-2dbb238f823e) - Script (Handle: 4737357) sent log message: "Tunable White: Präsenz Wohnzimmer ohne aktive Rampe, zentraler letzter Wert 5850 K gesendet"
I: 2026/10/02 14:55:21 job-script-lua.go:292: G: f0224d36-ef9d-4f8b-a08b-5b07ebcd81e5, J: Lua Script (10d2d11f-7d6f-4843-b130-2dbb238f823e) - Script (Handle: 4737361) sent log message: "Tunable White: Präsenz AUS erkannt, keine Farbänderung"
I: 2026/10/02 14:55:23 job-script-lua.go:292: G: f0224d36-ef9d-4f8b-a08b-5b07ebcd81e5, J: Lua Script (10d2d11f-7d6f-4843-b130-2dbb238f823e) - Script (Handle: 4737367) sent log message: "Tunable White: Präsenz Wohnzimmer ohne aktive Rampe, zentraler letzter Wert 5850 K gesendet"
I: 2026/10/02 14:55:24 job-script-lua.go:292: G: f0224d36-ef9d-4f8b-a08b-5b07ebcd81e5, J: Lua Script (10d2d11f-7d6f-4843-b130-2dbb238f823e) - Script (Handle: 4737370) sent log message: "Tunable White: Präsenz AUS erkannt, keine Farbänderung"
I: 2026/10/02 14:55:25 job-script-lua.go:292: G: f0224d36-ef9d-4f8b-a08b-5b07ebcd81e5, J: Lua Script (10d2d11f-7d6f-4843-b130-2dbb238f823e) - Script (Handle: 4737373) sent log message: "Tunable White: Präsenz Wohnzimmer ohne aktive Rampe, zentraler letzter Wert 5850 K gesendet"
I: 2026/10/02 14:55:28 job-script-lua.go:292: G: f0224d36-ef9d-4f8b-a08b-5b07ebcd81e5, J: Lua Script (10d2d11f-7d6f-4843-b130-2dbb238f823e) - Script (Handle: 4737378) sent log message: "Tunable White: Präsenz AUS erkannt, keine Farbänderung"
I: 2026/10/02 14:55:29 job-script-lua.go:292: G: f0224d36-ef9d-4f8b-a08b-5b07ebcd81e5, J: Lua Script (10d2d11f-7d6f-4843-b130-2dbb238f823e) - Script (Handle: 4737380) sent log message: "Tunable White: Präsenz Wohnzimmer ohne aktive Rampe, zentraler letzter Wert 5850 K gesendet"
I: 2026/10/02 14:55:34 job-script-lua.go:292: G: f0224d36-ef9d-4f8b-a08b-5b07ebcd81e5, J: Lua Script (10d2d11f-7d6f-4843-b130-2dbb238f823e) - Script (Handle: 4737390) sent log message: "Tunable White: Präsenz AUS erkannt, keine Farbänderung"
I: 2026/10/02 14:55:35 job-script-lua.go:292: G: f0224d36-ef9d-4f8b-a08b-5b07ebcd81e5, J: Lua Script (10d2d11f-7d6f-4843-b130-2dbb238f823e) - Script (Handle: 4737392) sent log message: "Tunable White: Präsenz Wohnzimmer ohne aktive Rampe, zentraler letzter Wert 5850 K gesendet"
I: 2026/10/02 14:55:38 job-script-lua.go:292: G: f0224d36-ef9d-4f8b-a08b-5b07ebcd81e5, J: Lua Script (10d2d11f-7d6f-4843-b130-2dbb238f823e) - Script (Handle: 4737398) sent log message: "Tunable White: Präsenz AUS erkannt, keine Farbänderung"
I: 2026/10/02 14:55:39 job-script-lua.go:292: G: f0224d36-ef9d-4f8b-a08b-5b07ebcd81e5, J: Lua Script (10d2d11f-7d6f-4843-b130-2dbb238f823e) - Script (Handle: 4737400) sent log message: "Tunable White: Präsenz Wohnzimmer ohne aktive Rampe, zentraler letzter Wert 5850 K gesendet"
I: 2026/10/02 14:55:41 job-script-lua.go:292: G: f0224d36-ef9d-4f8b-a08b-5b07ebcd81e5, J: Lua Script (10d2d11f-7d6f-4843-b130-2dbb238f823e) - Script (Handle: 4737404) sent log message: "Tunable White: Präsenz AUS erkannt, keine Farbänderung"
I: 2026/10/02 14:55:44 job-script-lua.go:292: G: f0224d36-ef9d-4f8b-a08b-5b07ebcd81e5, J: Lua Script (10d2d11f-7d6f-4843-b130-2dbb238f823e) - Script (Handle: 4737410) sent log message: "Tunable White: Präsenz Wohnzimmer ohne aktive Rampe, zentraler letzter Wert 5850 K gesendet"
I: 2026/10/02 14:55:45 job-script-lua.go:292: G: f0224d36-ef9d-4f8b-a08b-5b07ebcd81e5, J: Lua Script (10d2d11f-7d6f-4843-b130-2dbb238f823e) - Script (Handle: 4737412) sent log message: "Tunable White: Präsenz AUS erkannt, keine Farbänderung"
I: 2026/10/02 14:55:46 job-script-lua.go:292: G: f0224d36-ef9d-4f8b-a08b-5b07ebcd81e5, J: Lua Script (10d2d11f-7d6f-4843-b130-2dbb238f823e) - Script (Handle: 4737414) sent log message: "Tunable White: Präsenz Wohnzimmer ohne aktive Rampe, zentraler letzter Wert 5850 K gesendet"
I: 2026/10/02 14:55:57 job-script-lua.go:292: G: f0224d36-ef9d-4f8b-a08b-5b07ebcd81e5, J: Lua Script (10d2d11f-7d6f-4843-b130-2dbb238f823e) - Script (Handle: 4737436) sent log message: "Tunable White: Präsenz AUS erkannt, keine Farbänderung"
I: 2026/10/02 14:55:59 job-script-lua.go:292: G: f0224d36-ef9d-4f8b-a08b-5b07ebcd81e5, J: Lua Script (10d2d11f-7d6f-4843-b130-2dbb238f823e) - Script (Handle: 4737440) sent log message: "Tunable White: Präsenz Wohnzimmer ohne aktive Rampe, zentraler letzter Wert 5850 K gesendet"
I: 2026/10/02 14:55:59 job-script-lua.go:292: G: f0224d36-ef9d-4f8b-a08b-5b07ebcd81e5, J: Lua Script (10d2d11f-7d6f-4843-b130-2dbb238f823e) - Script (Handle: 4737442) sent log message: "Tunable White: Präsenz AUS erkannt, keine Farbänderung"
I: 2026/10/02 14:56:01 job-script-lua.go:292: G: f0224d36-ef9d-4f8b-a08b-5b07ebcd81e5, J: Lua Script (10d2d11f-7d6f-4843-b130-2dbb238f823e) - Script (Handle: 4737445) sent log message: "Tunable White: Präsenz Wohnzimmer ohne aktive Rampe, zentraler letzter Wert 5850 K gesendet"
I: 2026/10/02 14:56:03 job-script-lua.go:292: G: f0224d36-ef9d-4f8b-a08b-5b07ebcd81e5, J: Lua Script (10d2d11f-7d6f-4843-b130-2dbb238f823e) - Script (Handle: 4737451) sent log message: "Tunable White: Präsenz AUS erkannt, keine Farbänderung"
I: 2026/10/02 14:56:04 job-script-lua.go:292: G: f0224d36-ef9d-4f8b-a08b-5b07ebcd81e5, J: Lua Script (10d2d11f-7d6f-4843-b130-2dbb238f823e) - Script (Handle: 4737454) sent log message: "Tunable White: Präsenz Wohnzimmer ohne aktive Rampe, zentraler letzter Wert 5850 K gesendet"
I: 2026/10/02 14:56:06 job-script-lua.go:292: G: f0224d36-ef9d-4f8b-a08b-5b07ebcd81e5, J: Lua Script (10d2d11f-7d6f-4843-b130-2dbb238f823e) - Script (Handle: 4737457) sent log message: "Tunable White: Präsenz AUS erkannt, keine Farbänderung"
I: 2026/10/02 14:56:11 job-script-lua.go:292: G: f0224d36-ef9d-4f8b-a08b-5b07ebcd81e5, J: Lua Script (10d2d11f-7d6f-4843-b130-2dbb238f823e) - Script (Handle: 4737467) sent log message: "Tunable White: Präsenz Wohnzimmer ohne aktive Rampe, zentraler letzter Wert 5850 K gesendet"
I: 2026/10/02 14:56:11 job-script-lua.go:292: G: f0224d36-ef9d-4f8b-a08b-5b07ebcd81e5, J: Lua Script (10d2d11f-7d6f-4843-b130-2dbb238f823e) - Script (Handle: 4737469) sent log message: "Tunable White: Präsenz AUS erkannt, keine Farbänderung"
I: 2026/10/02 14:56:12 job-script-lua.go:292: G: f0224d36-ef9d-4f8b-a08b-5b07ebcd81e5, J: Lua Script (10d2d11f-7d6f-4843-b130-2dbb238f823e) - Script (Handle: 4737470) sent log message: "Tunable White: Präsenz Flur ohne aktive Rampe, zentraler und Flur-letzter Wert 5850 K gesendet"
I: 2026/10/02 14:56:12 job-script-lua.go:292: G: f0224d36-ef9d-4f8b-a08b-5b07ebcd81e5, J: Lua Script (10d2d11f-7d6f-4843-b130-2dbb238f823e) - Script (Handle: 4737472) sent log message: "Tunable White: Präsenz Wohnzimmer ohne aktive Rampe, zentraler letzter Wert 5850 K gesendet"
I: 2026/10/02 14:56:27 yale-starter.go:180: Start saving job volatile values
I: 2026/10/02 14:56:27 job-script-lua.go:292: G: f0224d36-ef9d-4f8b-a08b-5b07ebcd81e5, J: Lua Script (10d2d11f-7d6f-4843-b130-2dbb238f823e) - Script (Handle: 4737502) sent log message: "Tunable White: Präsenz AUS erkannt, keine Farbänderung"
I: 2026/10/02 14:56:29 job-script-lua.go:292: G: f0224d36-ef9d-4f8b-a08b-5b07ebcd81e5, J: Lua Script (10d2d11f-7d6f-4843-b130-2dbb238f823e) - Script (Handle: 4737506) sent log message: "Tunable White: Präsenz Wohnzimmer ohne aktive Rampe, zentraler letzter Wert 5850 K gesendet"
I: 2026/10/02 14:56:30 job-script-lua.go:292: G: f0224d36-ef9d-4f8b-a08b-5b07ebcd81e5, J: Lua Script (10d2d11f-7d6f-4843-b130-2dbb238f823e) - Script (Handle: 4737508) sent log message: "Tunable White: Präsenz AUS erkannt, keine Farbänderung"
I: 2026/10/02 14:56:34 job-script-lua.go:292: G: f0224d36-ef9d-4f8b-a08b-5b07ebcd81e5, J: Lua Script (10d2d11f-7d6f-4843-b130-2dbb238f823e) - Script (Handle: 4737517) sent log message: "Tunable White: Präsenz Wohnzimmer ohne aktive Rampe, zentraler letzter Wert 5850 K gesendet"
I: 2026/10/02 14:56:35 job-script-lua.go:292: G: f0224d36-ef9d-4f8b-a08b-5b07ebcd81e5, J: Lua Script (10d2d11f-7d6f-4843-b130-2dbb238f823e) - Script (Handle: 4737521) sent log message: "Tunable White: Präsenz AUS erkannt, keine Farbänderung"
I: 2026/10/02 14:56:49 job-script-lua.go:292: G: f0224d36-ef9d-4f8b-a08b-5b07ebcd81e5, J: Lua Script (10d2d11f-7d6f-4843-b130-2dbb238f823e) - Script (Handle: 4737549) sent log message: "Tunable White: Präsenz AUS erkannt, keine Farbänderung"
I: 2026/10/02 14:56:50 job-script-lua.go:292: G: f0224d36-ef9d-4f8b-a08b-5b07ebcd81e5, J: Lua Script (10d2d11f-7d6f-4843-b130-2dbb238f823e) - Script (Handle: 4737552) sent log message: "Tunable White: Präsenz Wohnzimmer ohne aktive Rampe, zentraler letzter Wert 5850 K gesendet"
I: 2026/10/02 14:56:59 job-script-lua.go:292: G: f0224d36-ef9d-4f8b-a08b-5b07ebcd81e5, J: Lua Script (10d2d11f-7d6f-4843-b130-2dbb238f823e) - Script (Handle: 4737570) sent log message: "Tunable White: Präsenz AUS erkannt, keine Farbänderung"
I: 2026/10/02 14:57:07 job-script-lua.go:292: G: f0224d36-ef9d-4f8b-a08b-5b07ebcd81e5, J: Lua Script (10d2d11f-7d6f-4843-b130-2dbb238f823e) - Script (Handle: 4737585) sent log message: "Tunable White: Präsenz Wohnzimmer ohne aktive Rampe, zentraler letzter Wert 5850 K gesendet"
I: 2026/10/02 14:57:08 job-script-lua.go:292: G: f0224d36-ef9d-4f8b-a08b-5b07ebcd81e5, J: Lua Script (10d2d11f-7d6f-4843-b130-2dbb238f823e) - Script (Handle: 4737587) sent log message: "Tunable White: Präsenz AUS erkannt, keine Farbänderung"
I: 2026/10/02 14:57:09 job-script-lua.go:292: G: f0224d36-ef9d-4f8b-a08b-5b07ebcd81e5, J: Lua Script (10d2d11f-7d6f-4843-b130-2dbb238f823e) - Script (Handle: 4737589) sent log message: "Tunable White: Präsenz Wohnzimmer ohne aktive Rampe, zentraler letzter Wert 5850 K gesendet"
I: 2026/10/02 14:57:10 job-script-lua.go:292: G: f0224d36-ef9d-4f8b-a08b-5b07ebcd81e5, J: Lua Script (10d2d11f-7d6f-4843-b130-2dbb238f823e) - Script (Handle: 4737591) sent log message: "Tunable White: Präsenz AUS erkannt, keine Farbänderung"
I: 2026/10/02 14:57:12 job-script-lua.go:292: G: f0224d36-ef9d-4f8b-a08b-5b07ebcd81e5, J: Lua Script (10d2d11f-7d6f-4843-b130-2dbb238f823e) - Script (Handle: 4737597) sent log message: "Tunable White: Präsenz Wohnzimmer ohne aktive Rampe, zentraler letzter Wert 5850 K gesendet"
I: 2026/10/02 14:57:37 job-script-lua.go:292: G: f0224d36-ef9d-4f8b-a08b-5b07ebcd81e5, J: Lua Script (10d2d11f-7d6f-4843-b130-2dbb238f823e) - Script (Handle: 4737646) sent log message: "Tunable White: Präsenz AUS erkannt, keine Farbänderung"
I: 2026/10/02 14:57:38 job-script-lua.go:292: G: f0224d36-ef9d-4f8b-a08b-5b07ebcd81e5, J: Lua Script (10d2d11f-7d6f-4843-b130-2dbb238f823e) - Script (Handle: 4737648) sent log message: "Tunable White: Präsenz Wohnzimmer ohne aktive Rampe, zentraler letzter Wert 5850 K gesendet"
I: 2026/10/02 14:57:39 job-script-lua.go:292: G: f0224d36-ef9d-4f8b-a08b-5b07ebcd81e5, J: Lua Script (10d2d11f-7d6f-4843-b130-2dbb238f823e) - Script (Handle: 4737650) sent log message: "Tunable White: Präsenz AUS erkannt, keine Farbänderung"
I: 2026/10/02 14:57:40 job-script-lua.go:292: G: f0224d36-ef9d-4f8b-a08b-5b07ebcd81e5, J: Lua Script (10d2d11f-7d6f-4843-b130-2dbb238f823e) - Script (Handle: 4737652) sent log message: "Tunable White: Präsenz Wohnzimmer ohne aktive Rampe, zentraler letzter Wert 5850 K gesendet"
I: 2026/10/02 14:57:42 job-script-lua.go:292: G: f0224d36-ef9d-4f8b-a08b-5b07ebcd81e5, J: Lua Script (10d2d11f-7d6f-4843-b130-2dbb238f823e) - Script (Handle: 4737656) sent log message: "Tunable White: Präsenz AUS erkannt, keine Farbänderung"
I: 2026/10/02 14:57:45 job-script-lua.go:292: G: f0224d36-ef9d-4f8b-a08b-5b07ebcd81e5, J: Lua Script (10d2d11f-7d6f-4843-b130-2dbb238f823e) - Script (Handle: 4737662) sent log message: "Tunable White: Präsenz Wohnzimmer ohne aktive Rampe, zentraler letzter Wert 5850 K gesendet"
I: 2026/10/02 14:57:47 job-script-lua.go:292: G: f0224d36-ef9d-4f8b-a08b-5b07ebcd81e5, J: Lua Script (10d2d11f-7d6f-4843-b130-2dbb238f823e) - Script (Handle: 4737666) sent log message: "Tunable White: Präsenz AUS erkannt, keine Farbänderung"
I: 2026/10/02 14:57:48 job-script-lua.go:292: G: f0224d36-ef9d-4f8b-a08b-5b07ebcd81e5, J: Lua Script (10d2d11f-7d6f-4843-b130-2dbb238f823e) - Script (Handle: 4737668) sent log message: "Tunable White: Präsenz AUS erkannt, keine Farbänderung"
I: 2026/10/02 14:57:49 job-script-lua.go:292: G: f0224d36-ef9d-4f8b-a08b-5b07ebcd81e5, J: Lua Script (10d2d11f-7d6f-4843-b130-2dbb238f823e) - Script (Handle: 4737670) sent log message: "Tunable White: Präsenz AUS erkannt, keine Farbänderung"
I: 2026/10/02 14:57:52 job-script-lua.go:292: G: f0224d36-ef9d-4f8b-a08b-5b07ebcd81e5, J: Lua Script (10d2d11f-7d6f-4843-b130-2dbb238f823e) - Script (Handle: 4737676) sent log message: "Tunable White: Präsenz Wohnzimmer ohne aktive Rampe, zentraler letzter Wert 5850 K gesendet"
I: 2026/10/02 14:57:54 job-script-lua.go:292: G: f0224d36-ef9d-4f8b-a08b-5b07ebcd81e5, J: Lua Script (10d2d11f-7d6f-4843-b130-2dbb238f823e) - Script (Handle: 4737680) sent log message: "Tunable White: Präsenz AUS erkannt, keine Farbänderung"
I: 2026/10/02 14:57:56 job-script-lua.go:292: G: f0224d36-ef9d-4f8b-a08b-5b07ebcd81e5, J: Lua Script (10d2d11f-7d6f-4843-b130-2dbb238f823e) - Script (Handle: 4737684) sent log message: "Tunable White: Präsenz Flur ohne aktive Rampe, zentraler und Flur-letzter Wert 5850 K gesendet"
I: 2026/10/02 14:57:57 job-script-lua.go:292: G: f0224d36-ef9d-4f8b-a08b-5b07ebcd81e5, J: Lua Script (10d2d11f-7d6f-4843-b130-2dbb238f823e) - Script (Handle: 4737688) sent log message: "Tunable White: Präsenz Wohnzimmer ohne aktive Rampe, zentraler letzter Wert 5850 K gesendet"
I: 2026/10/02 14:58:50 job-script-lua.go:292: G: f0224d36-ef9d-4f8b-a08b-5b07ebcd81e5, J: Lua Script (10d2d11f-7d6f-4843-b130-2dbb238f823e) - Script (Handle: 4737793) sent log message: "Tunable White: Präsenz AUS erkannt, keine Farbänderung"
I: 2026/10/02 15:00:30 job-script-lua.go:292: G: f0224d36-ef9d-4f8b-a08b-5b07ebcd81e5, J: Lua Script (10d2d11f-7d6f-4843-b130-2dbb238f823e) - Script (Handle: 4737993) sent log message: "Tunable White: Präsenz Flur ohne aktive Rampe, zentraler und Flur-letzter Wert 5850 K gesendet"
I: 2026/10/02 15:00:42 job-script-lua.go:292: G: f0224d36-ef9d-4f8b-a08b-5b07ebcd81e5, J: Lua Script (10d2d11f-7d6f-4843-b130-2dbb238f823e) - Script (Handle: 4738017) sent log message: "Tunable White: Präsenz AUS erkannt, keine Farbänderung"
I: 2026/10/02 15:00:53 job-script-lua.go:292: G: f0224d36-ef9d-4f8b-a08b-5b07ebcd81e5, J: Lua Script (10d2d11f-7d6f-4843-b130-2dbb238f823e) - Script (Handle: 4738039) sent log message: "Tunable White: Präsenz Flur ohne aktive Rampe, zentraler und Flur-letzter Wert 5850 K gesendet"
I: 2026/10/02 15:01:11 job-script-lua.go:292: G: f0224d36-ef9d-4f8b-a08b-5b07ebcd81e5, J: Lua Script (10d2d11f-7d6f-4843-b130-2dbb238f823e) - Script (Handle: 4738075) sent log message: "Tunable White: Präsenz AUS erkannt, keine Farbänderung"
I: 2026/10/02 15:01:17 job-script-lua.go:292: G: f0224d36-ef9d-4f8b-a08b-5b07ebcd81e5, J: Lua Script (10d2d11f-7d6f-4843-b130-2dbb238f823e) - Script (Handle: 4738087) sent log message: "Tunable White: Präsenz Wohnzimmer ohne aktive Rampe, zentraler letzter Wert 5850 K gesendet"
I: 2026/10/02 15:01:18 job-script-lua.go:292: G: f0224d36-ef9d-4f8b-a08b-5b07ebcd81e5, J: Lua Script (10d2d11f-7d6f-4843-b130-2dbb238f823e) - Script (Handle: 4738089) sent log message: "Tunable White: Präsenz AUS erkannt, keine Farbänderung"
I: 2026/10/02 15:01:21 job-script-lua.go:292: G: f0224d36-ef9d-4f8b-a08b-5b07ebcd81e5, J: Lua Script (10d2d11f-7d6f-4843-b130-2dbb238f823e) - Script (Handle: 4738095) sent log message: "Tunable White: Präsenz Wohnzimmer ohne aktive Rampe, zentraler letzter Wert 5850 K gesendet"
I: 2026/10/02 15:01:22 job-script-lua.go:292: G: f0224d36-ef9d-4f8b-a08b-5b07ebcd81e5, J: Lua Script (10d2d11f-7d6f-4843-b130-2dbb238f823e) - Script (Handle: 4738097) sent log message: "Tunable White: Präsenz AUS erkannt, keine Farbänderung"
I: 2026/10/02 15:01:26 job-script-lua.go:292: G: f0224d36-ef9d-4f8b-a08b-5b07ebcd81e5, J: Lua Script (10d2d11f-7d6f-4843-b130-2dbb238f823e) - Script (Handle: 4738107) sent log message: "Tunable White: Präsenz AUS erkannt, keine Farbänderung"
I: 2026/10/02 15:01:31 job-script-lua.go:292: G: f0224d36-ef9d-4f8b-a08b-5b07ebcd81e5, J: Lua Script (10d2d11f-7d6f-4843-b130-2dbb238f823e) - Script (Handle: 4738116) sent log message: "Tunable White: Präsenz Wohnzimmer ohne aktive Rampe, zentraler letzter Wert 5850 K gesendet"
I: 2026/10/02 15:01:41 job-script-lua.go:292: G: f0224d36-ef9d-4f8b-a08b-5b07ebcd81e5, J: Lua Script (10d2d11f-7d6f-4843-b130-2dbb238f823e) - Script (Handle: 4738138) sent log message: "Tunable White: Präsenz AUS erkannt, keine Farbänderung"
I: 2026/10/02 15:01:45 job-script-lua.go:292: G: f0224d36-ef9d-4f8b-a08b-5b07ebcd81e5, J: Lua Script (10d2d11f-7d6f-4843-b130-2dbb238f823e) - Script (Handle: 4738145) sent log message: "Tunable White: Präsenz Wohnzimmer ohne aktive Rampe, zentraler letzter Wert 5850 K gesendet"
I: 2026/10/02 15:02:14 job-script-lua.go:292: G: f0224d36-ef9d-4f8b-a08b-5b07ebcd81e5, J: Lua Script (10d2d11f-7d6f-4843-b130-2dbb238f823e) - Script (Handle: 4738205) sent log message: "Tunable White: Präsenz AUS erkannt, keine Farbänderung"
I: 2026/10/02 15:02:19 job-script-lua.go:292: G: f0224d36-ef9d-4f8b-a08b-5b07ebcd81e5, J: Lua Script (10d2d11f-7d6f-4843-b130-2dbb238f823e) - Script (Handle: 4738216) sent log message: "Tunable White: Präsenz Wohnzimmer ohne aktive Rampe, zentraler letzter Wert 5850 K gesendet"
I: 2026/10/02 15:02:20 job-script-lua.go:292: G: f0224d36-ef9d-4f8b-a08b-5b07ebcd81e5, J: Lua Script (10d2d11f-7d6f-4843-b130-2dbb238f823e) - Script (Handle: 4738219) sent log message: "Tunable White: Präsenz AUS erkannt, keine Farbänderung"
I: 2026/10/02 15:02:23 job-script-lua.go:292: G: f0224d36-ef9d-4f8b-a08b-5b07ebcd81e5, J: Lua Script (10d2d11f-7d6f-4843-b130-2dbb238f823e) - Script (Handle: 4738224) sent log message: "Tunable White: Präsenz Wohnzimmer ohne aktive Rampe, zentraler letzter Wert 5850 K gesendet"
I: 2026/10/02 15:02:24 job-script-lua.go:292: G: f0224d36-ef9d-4f8b-a08b-5b07ebcd81e5, J: Lua Script (10d2d11f-7d6f-4843-b130-2dbb238f823e) - Script (Handle: 4738226) sent log message: "Tunable White: Präsenz AUS erkannt, keine Farbänderung"
I: 2026/10/02 15:02:25 job-script-lua.go:292: G: f0224d36-ef9d-4f8b-a08b-5b07ebcd81e5, J: Lua Script (10d2d11f-7d6f-4843-b130-2dbb238f823e) - Script (Handle: 4738228) sent log message: "Tunable White: Präsenz Wohnzimmer ohne aktive Rampe, zentraler letzter Wert 5850 K gesendet"
I: 2026/10/02 15:02:29 job-script-lua.go:292: G: f0224d36-ef9d-4f8b-a08b-5b07ebcd81e5, J: Lua Script (10d2d11f-7d6f-4843-b130-2dbb238f823e) - Script (Handle: 4738238) sent log message: "Tunable White: Präsenz AUS erkannt, keine Farbänderung"
I: 2026/10/02 15:02:33 job-script-lua.go:292: G: f0224d36-ef9d-4f8b-a08b-5b07ebcd81e5, J: Lua Script (10d2d11f-7d6f-4843-b130-2dbb238f823e) - Script (Handle: 4738245) sent log message: "Tunable White: Präsenz Wohnzimmer ohne aktive Rampe, zentraler letzter Wert 5850 K gesendet"
I: 2026/10/02 15:02:34 job-script-lua.go:292: G: f0224d36-ef9d-4f8b-a08b-5b07ebcd81e5, J: Lua Script (10d2d11f-7d6f-4843-b130-2dbb238f823e) - Script (Handle: 4738247) sent log message: "Tunable White: Präsenz AUS erkannt, keine Farbänderung"
I: 2026/10/02 15:02:35 job-script-lua.go:292: G: f0224d36-ef9d-4f8b-a08b-5b07ebcd81e5, J: Lua Script (10d2d11f-7d6f-4843-b130-2dbb238f823e) - Script (Handle: 4738249) sent log message: "Tunable White: Präsenz Wohnzimmer ohne aktive Rampe, zentraler letzter Wert 5850 K gesendet"
I: 2026/10/02 15:02:37 job-script-lua.go:292: G: f0224d36-ef9d-4f8b-a08b-5b07ebcd81e5, J: Lua Script (10d2d11f-7d6f-4843-b130-2dbb238f823e) - Script (Handle: 4738253) sent log message: "Tunable White: Präsenz AUS erkannt, keine Farbänderung"
I: 2026/10/02 15:02:38 job-script-lua.go:292: G: f0224d36-ef9d-4f8b-a08b-5b07ebcd81e5, J: Lua Script (10d2d11f-7d6f-4843-b130-2dbb238f823e) - Script (Handle: 4738255) sent log message: "Tunable White: Präsenz Wohnzimmer ohne aktive Rampe, zentraler letzter Wert 5850 K gesendet"
I: 2026/10/02 15:02:56 job-script-lua.go:292: G: f0224d36-ef9d-4f8b-a08b-5b07ebcd81e5, J: Lua Script (10d2d11f-7d6f-4843-b130-2dbb238f823e) - Script (Handle: 4738291) sent log message: "Tunable White: Präsenz AUS erkannt, keine Farbänderung"
I: 2026/10/02 15:03:42 job-script-lua.go:292: G: f0224d36-ef9d-4f8b-a08b-5b07ebcd81e5, J: Lua Script (10d2d11f-7d6f-4843-b130-2dbb238f823e) - Script (Handle: 4738383) sent log message: "Tunable White: Präsenz Flur ohne aktive Rampe, zentraler und Flur-letzter Wert 5850 K gesendet"
I: 2026/10/02 15:04:09 job-script-lua.go:292: G: f0224d36-ef9d-4f8b-a08b-5b07ebcd81e5, J: Lua Script (10d2d11f-7d6f-4843-b130-2dbb238f823e) - Script (Handle: 4738437) sent log message: "Tunable White: Präsenz AUS erkannt, keine Farbänderung"
I: 2026/10/02 15:04:11 job-script-lua.go:292: G: f0224d36-ef9d-4f8b-a08b-5b07ebcd81e5, J: Lua Script (10d2d11f-7d6f-4843-b130-2dbb238f823e) - Script (Handle: 4738443) sent log message: "Tunable White: Präsenz Wohnzimmer ohne aktive Rampe, zentraler letzter Wert 5850 K gesendet"
I: 2026/10/02 15:04:13 job-script-lua.go:292: G: f0224d36-ef9d-4f8b-a08b-5b07ebcd81e5, J: Lua Script (10d2d11f-7d6f-4843-b130-2dbb238f823e) - Script (Handle: 4738446) sent log message: "Tunable White: Präsenz AUS erkannt, keine Farbänderung"
I: 2026/10/02 15:04:14 job-script-lua.go:292: G: f0224d36-ef9d-4f8b-a08b-5b07ebcd81e5, J: Lua Script (10d2d11f-7d6f-4843-b130-2dbb238f823e) - Script (Handle: 4738448) sent log message: "Tunable White: Präsenz Wohnzimmer ohne aktive Rampe, zentraler letzter Wert 5850 K gesendet"
I: 2026/10/02 15:04:21 job-script-lua.go:292: G: f0224d36-ef9d-4f8b-a08b-5b07ebcd81e5, J: Lua Script (10d2d11f-7d6f-4843-b130-2dbb238f823e) - Script (Handle: 4738462) sent log message: "Tunable White: Präsenz AUS erkannt, keine Farbänderung"
I: 2026/10/02 15:04:34 job-script-lua.go:292: G: f0224d36-ef9d-4f8b-a08b-5b07ebcd81e5, J: Lua Script (10d2d11f-7d6f-4843-b130-2dbb238f823e) - Script (Handle: 4738488) sent log message: "Tunable White: Präsenz Flur ohne aktive Rampe, zentraler und Flur-letzter Wert 5850 K gesendet"
I: 2026/10/02 15:04:38 job-script-lua.go:292: G: f0224d36-ef9d-4f8b-a08b-5b07ebcd81e5, J: Lua Script (10d2d11f-7d6f-4843-b130-2dbb238f823e) - Script (Handle: 4738498) sent log message: "Tunable White: Präsenz AUS erkannt, keine Farbänderung"
I: 2026/10/02 15:04:40 job-script-lua.go:292: G: f0224d36-ef9d-4f8b-a08b-5b07ebcd81e5, J: Lua Script (10d2d11f-7d6f-4843-b130-2dbb238f823e) - Script (Handle: 4738501) sent log message: "Tunable White: Präsenz Wohnzimmer ohne aktive Rampe, zentraler letzter Wert 5850 K gesendet"
I: 2026/10/02 15:04:43 job-script-lua.go:292: G: f0224d36-ef9d-4f8b-a08b-5b07ebcd81e5, J: Lua Script (10d2d11f-7d6f-4843-b130-2dbb238f823e) - Script (Handle: 4738507) sent log message: "Tunable White: Präsenz AUS erkannt, keine Farbänderung"
I: 2026/10/02 15:04:45 job-script-lua.go:292: G: f0224d36-ef9d-4f8b-a08b-5b07ebcd81e5, J: Lua Script (10d2d11f-7d6f-4843-b130-2dbb238f823e) - Script (Handle: 4738511) sent log message: "Tunable White: Präsenz Wohnzimmer ohne aktive Rampe, zentraler letzter Wert 5850 K gesendet"
I: 2026/10/02 15:04:58 job-script-lua.go:292: G: f0224d36-ef9d-4f8b-a08b-5b07ebcd81e5, J: Lua Script (10d2d11f-7d6f-4843-b130-2dbb238f823e) - Script (Handle: 4738537) sent log message: "Tunable White: Präsenz AUS erkannt, keine Farbänderung"
I: 2026/10/02 15:04:59 job-script-lua.go:292: G: f0224d36-ef9d-4f8b-a08b-5b07ebcd81e5, J: Lua Script (10d2d11f-7d6f-4843-b130-2dbb238f823e) - Script (Handle: 4738539) sent log message: "Tunable White: Präsenz AUS erkannt, keine Farbänderung"
I: 2026/10/02 15:05:00 job-script-lua.go:292: G: f0224d36-ef9d-4f8b-a08b-5b07ebcd81e5, J: Lua Script (10d2d11f-7d6f-4843-b130-2dbb238f823e) - Script (Handle: 4738542) sent log message: "Tunable White: Präsenz Wohnzimmer ohne aktive Rampe, zentraler letzter Wert 5850 K gesendet"
I: 2026/10/02 15:05:08 job-script-lua.go:292: G: f0224d36-ef9d-4f8b-a08b-5b07ebcd81e5, J: Lua Script (10d2d11f-7d6f-4843-b130-2dbb238f823e) - Script (Handle: 4738557) sent log message: "Tunable White: Präsenz AUS erkannt, keine Farbänderung"
I: 2026/10/02 15:05:09 job-script-lua.go:292: G: f0224d36-ef9d-4f8b-a08b-5b07ebcd81e5, J: Lua Script (10d2d11f-7d6f-4843-b130-2dbb238f823e) - Script (Handle: 4738559) sent log message: "Tunable White: Präsenz Wohnzimmer ohne aktive Rampe, zentraler letzter Wert 5850 K gesendet"
I: 2026/10/02 15:05:24 job-script-lua.go:292: G: f0224d36-ef9d-4f8b-a08b-5b07ebcd81e5, J: Lua Script (10d2d11f-7d6f-4843-b130-2dbb238f823e) - Script (Handle: 4738589) sent log message: "Tunable White: Präsenz AUS erkannt, keine Farbänderung"
I: 2026/10/02 15:05:25 job-script-lua.go:292: G: f0224d36-ef9d-4f8b-a08b-5b07ebcd81e5, J: Lua Script (10d2d11f-7d6f-4843-b130-2dbb238f823e) - Script (Handle: 4738591) sent log message: "Tunable White: Präsenz Wohnzimmer ohne aktive Rampe, zentraler letzter Wert 5850 K gesendet"
I: 2026/10/02 15:05:25 job-script-lua.go:292: G: f0224d36-ef9d-4f8b-a08b-5b07ebcd81e5, J: Lua Script (10d2d11f-7d6f-4843-b130-2dbb238f823e) - Script (Handle: 4738593) sent log message: "Tunable White: Präsenz AUS erkannt, keine Farbänderung"
I: 2026/10/02 15:05:27 job-script-lua.go:292: G: f0224d36-ef9d-4f8b-a08b-5b07ebcd81e5, J: Lua Script (10d2d11f-7d6f-4843-b130-2dbb238f823e) - Script (Handle: 4738598) sent log message: "Tunable White: Präsenz Wohnzimmer ohne aktive Rampe, zentraler letzter Wert 5850 K gesendet"
I: 2026/10/02 15:05:29 job-script-lua.go:292: G: f0224d36-ef9d-4f8b-a08b-5b07ebcd81e5, J: Lua Script (10d2d11f-7d6f-4843-b130-2dbb238f823e) - Script (Handle: 4738603) sent log message: "Tunable White: Präsenz AUS erkannt, keine Farbänderung"
I: 2026/10/02 15:05:30 job-script-lua.go:292: G: f0224d36-ef9d-4f8b-a08b-5b07ebcd81e5, J: Lua Script (10d2d11f-7d6f-4843-b130-2dbb238f823e) - Script (Handle: 4738606) sent log message: "Tunable White: Präsenz Wohnzimmer ohne aktive Rampe, zentraler letzter Wert 5850 K gesendet"
I: 2026/10/02 15:05:37 job-script-lua.go:292: G: f0224d36-ef9d-4f8b-a08b-5b07ebcd81e5, J: Lua Script (10d2d11f-7d6f-4843-b130-2dbb238f823e) - Script (Handle: 4738619) sent log message: "Tunable White: Präsenz AUS erkannt, keine Farbänderung"
I: 2026/10/02 15:05:38 job-script-lua.go:292: G: f0224d36-ef9d-4f8b-a08b-5b07ebcd81e5, J: Lua Script (10d2d11f-7d6f-4843-b130-2dbb238f823e) - Script (Handle: 4738621) sent log message: "Tunable White: Präsenz Flur ohne aktive Rampe, zentraler und Flur-letzter Wert 5850 K gesendet"
I: 2026/10/02 15:05:40 job-script-lua.go:292: G: f0224d36-ef9d-4f8b-a08b-5b07ebcd81e5, J: Lua Script (10d2d11f-7d6f-4843-b130-2dbb238f823e) - Script (Handle: 4738625) sent log message: "Tunable White: Präsenz AUS erkannt, keine Farbänderung"
I: 2026/10/02 15:05:41 job-script-lua.go:292: G: f0224d36-ef9d-4f8b-a08b-5b07ebcd81e5, J: Lua Script (10d2d11f-7d6f-4843-b130-2dbb238f823e) - Script (Handle: 4738627) sent log message: "Tunable White: Präsenz Wohnzimmer ohne aktive Rampe, zentraler letzter Wert 5850 K gesendet"
I: 2026/10/02 15:05:54 job-script-lua.go:292: G: f0224d36-ef9d-4f8b-a08b-5b07ebcd81e5, J: Lua Script (10d2d11f-7d6f-4843-b130-2dbb238f823e) - Script (Handle: 4738653) sent log message: "Tunable White: Präsenz AUS erkannt, keine Farbänderung"
I: 2026/10/02 15:06:06 job-script-lua.go:292: G: f0224d36-ef9d-4f8b-a08b-5b07ebcd81e5, J: Lua Script (10d2d11f-7d6f-4843-b130-2dbb238f823e) - Script (Handle: 4738677) sent log message: "Tunable White: Präsenz Flur ohne aktive Rampe, zentraler und Flur-letzter Wert 5850 K gesendet"
I: 2026/10/02 15:06:17 job-script-lua.go:292: G: dd435b00-0506-477f-8396-fd8224809bf9, J: Brightness_Dimming (6e459dd3-7d0a-43ad-958b-2daf5cdd082b) - Script (Handle: 4738701) sent log message: "BadOben Dimming: Bad EIN Trigger: out1=100%"
I: 2026/10/02 15:06:18 job-script-lua.go:292: G: f0224d36-ef9d-4f8b-a08b-5b07ebcd81e5, J: Lua Script (10d2d11f-7d6f-4843-b130-2dbb238f823e) - Script (Handle: 4738704) sent log message: "Tunable White: Präsenz AUS erkannt, keine Farbänderung"
I: 2026/10/02 15:06:20 job-script-lua.go:292: G: f0224d36-ef9d-4f8b-a08b-5b07ebcd81e5, J: Lua Script (10d2d11f-7d6f-4843-b130-2dbb238f823e) - Script (Handle: 4738707) sent log message: "Tunable White: Präsenz AUS erkannt, keine Farbänderung"
I: 2026/10/02 15:08:44 job-script-lua.go:292: G: f0224d36-ef9d-4f8b-a08b-5b07ebcd81e5, J: Lua Script (10d2d11f-7d6f-4843-b130-2dbb238f823e) - Script (Handle: 4738995) sent log message: "Tunable White: Präsenz Flur ohne aktive Rampe, zentraler und Flur-letzter Wert 5850 K gesendet"
I: 2026/10/02 15:09:28 job-script-lua.go:292: G: f0224d36-ef9d-4f8b-a08b-5b07ebcd81e5, J: Lua Script (10d2d11f-7d6f-4843-b130-2dbb238f823e) - Script (Handle: 4739083) sent log message: "Tunable White: Präsenz Wohnzimmer ohne aktive Rampe, zentraler letzter Wert 5850 K gesendet"
I: 2026/10/02 15:09:29 job-script-lua.go:292: G: f0224d36-ef9d-4f8b-a08b-5b07ebcd81e5, J: Lua Script (10d2d11f-7d6f-4843-b130-2dbb238f823e) - Script (Handle: 4739085) sent log message: "Tunable White: Präsenz AUS erkannt, keine Farbänderung"
I: 2026/10/02 15:09:31 job-script-lua.go:292: G: f0224d36-ef9d-4f8b-a08b-5b07ebcd81e5, J: Lua Script (10d2d11f-7d6f-4843-b130-2dbb238f823e) - Script (Handle: 4739089) sent log message: "Tunable White: Präsenz Wohnzimmer ohne aktive Rampe, zentraler letzter Wert 5850 K gesendet"
I: 2026/10/02 15:09:32 job-script-lua.go:292: G: f0224d36-ef9d-4f8b-a08b-5b07ebcd81e5, J: Lua Script (10d2d11f-7d6f-4843-b130-2dbb238f823e) - Script (Handle: 4739091) sent log message: "Tunable White: Präsenz AUS erkannt, keine Farbänderung"
I: 2026/10/02 15:09:33 job-script-lua.go:292: G: f0224d36-ef9d-4f8b-a08b-5b07ebcd81e5, J: Lua Script (10d2d11f-7d6f-4843-b130-2dbb238f823e) - Script (Handle: 4739093) sent log message: "Tunable White: Präsenz AUS erkannt, keine Farbänderung"
I: 2026/10/02 15:09:35 job-script-lua.go:292: G: f0224d36-ef9d-4f8b-a08b-5b07ebcd81e5, J: Lua Script (10d2d11f-7d6f-4843-b130-2dbb238f823e) - Script (Handle: 4739099) sent log message: "Tunable White: Präsenz Wohnzimmer ohne aktive Rampe, zentraler letzter Wert 5850 K gesendet"
I: 2026/10/02 15:09:48 job-script-lua.go:292: G: f0224d36-ef9d-4f8b-a08b-5b07ebcd81e5, J: Lua Script (10d2d11f-7d6f-4843-b130-2dbb238f823e) - Script (Handle: 4739124) sent log message: "Tunable White: Präsenz AUS erkannt, keine Farbänderung"
I: 2026/10/02 15:09:55 job-script-lua.go:292: G: f0224d36-ef9d-4f8b-a08b-5b07ebcd81e5, J: Lua Script (10d2d11f-7d6f-4843-b130-2dbb238f823e) - Script (Handle: 4739138) sent log message: "Tunable White: Präsenz Wohnzimmer ohne aktive Rampe, zentraler letzter Wert 5850 K gesendet"
I: 2026/10/02 15:09:55 job-script-lua.go:292: G: f0224d36-ef9d-4f8b-a08b-5b07ebcd81e5, J: Lua Script (10d2d11f-7d6f-4843-b130-2dbb238f823e) - Script (Handle: 4739140) sent log message: "Tunable White: Präsenz Flur ohne aktive Rampe, zentraler und Flur-letzter Wert 5850 K gesendet"
I: 2026/10/02 15:09:56 job-script-lua.go:292: G: f0224d36-ef9d-4f8b-a08b-5b07ebcd81e5, J: Lua Script (10d2d11f-7d6f-4843-b130-2dbb238f823e) - Script (Handle: 4739141) sent log message: "Tunable White: Präsenz AUS erkannt, keine Farbänderung"
I: 2026/10/02 15:09:58 job-script-lua.go:292: G: f0224d36-ef9d-4f8b-a08b-5b07ebcd81e5, J: Lua Script (10d2d11f-7d6f-4843-b130-2dbb238f823e) - Script (Handle: 4739147) sent log message: "Tunable White: Präsenz Wohnzimmer ohne aktive Rampe, zentraler letzter Wert 5850 K gesendet"
I: 2026/10/02 15:10:38 job-script-lua.go:292: G: f0224d36-ef9d-4f8b-a08b-5b07ebcd81e5, J: Lua Script (10d2d11f-7d6f-4843-b130-2dbb238f823e) - Script (Handle: 4739228) sent log message: "Tunable White: Präsenz AUS erkannt, keine Farbänderung"
I: 2026/10/02 15:11:24 yale.go:106: YaLE Main (PID: 2661) KeepAliveTicker - 2026-10-02 15:11:24.967273972 +0200 CEST m=+2829601.817806789
I: 2026/10/02 15:11:27 yale-starter.go:180: Start saving job volatile values
I: 2026/10/02 15:11:39 job-script-lua.go:292: G: f0224d36-ef9d-4f8b-a08b-5b07ebcd81e5, J: Lua Script (10d2d11f-7d6f-4843-b130-2dbb238f823e) - Script (Handle: 4739350) sent log message: "Tunable White: Präsenz AUS erkannt, keine Farbänderung"
I: 2026/10/02 15:13:30 job-script-lua.go:292: G: f0224d36-ef9d-4f8b-a08b-5b07ebcd81e5, J: Lua Script (10d2d11f-7d6f-4843-b130-2dbb238f823e) - Script (Handle: 4739574) sent log message: "Tunable White: Präsenz Flur ohne aktive Rampe, zentraler und Flur-letzter Wert 5850 K gesendet"
I: 2026/10/02 15:13:49 job-script-lua.go:292: G: f0224d36-ef9d-4f8b-a08b-5b07ebcd81e5, J: Lua Script (10d2d11f-7d6f-4843-b130-2dbb238f823e) - Script (Handle: 4739612) sent log message: "Tunable White: Präsenz AUS erkannt, keine Farbänderung"
I: 2026/10/02 15:14:00 job-script-lua.go:292: G: f0224d36-ef9d-4f8b-a08b-5b07ebcd81e5, J: Lua Script (10d2d11f-7d6f-4843-b130-2dbb238f823e) - Script (Handle: 4739634) sent log message: "Tunable White: Präsenz Flur ohne aktive Rampe, zentraler und Flur-letzter Wert 5850 K gesendet"
I: 2026/10/02 15:14:31 job-script-lua.go:292: G: f0224d36-ef9d-4f8b-a08b-5b07ebcd81e5, J: Lua Script (10d2d11f-7d6f-4843-b130-2dbb238f823e) - Script (Handle: 4739696) sent log message: "Tunable White: Präsenz AUS erkannt, keine Farbänderung"
I: 2026/10/02 15:26:27 yale-starter.go:180: Start saving job volatile values
I: 2026/10/02 15:41:27 yale-starter.go:180: Start saving job volatile values
I: 2026/10/02 15:56:27 yale-starter.go:180: Start saving job volatile values
I: 2026/10/02 16:04:41 job-script-lua.go:292: G: dd435b00-0506-477f-8396-fd8224809bf9, J: Brightness_Dimming (6e459dd3-7d0a-43ad-958b-2daf5cdd082b) - Script (Handle: 4745716) sent log message: "BadOben Dimming: Bad EIN Trigger: out1=100%"
I: 2026/10/02 16:11:24 yale.go:106: YaLE Main (PID: 2661) KeepAliveTicker - 2026-10-02 16:11:24.965908631 +0200 CEST m=+2833201.816442286
I: 2026/10/02 16:11:27 yale-starter.go:180: Start saving job volatile values
I: 2026/10/02 16:26:27 yale-starter.go:180: Start saving job volatile values
I: 2026/10/02 16:41:27 yale-starter.go:180: Start saving job volatile values
I: 2026/10/02 16:56:27 yale-starter.go:180: Start saving job volatile values
I: 2026/10/02 17:11:24 yale.go:106: YaLE Main (PID: 2661) KeepAliveTicker - 2026-10-02 17:11:24.967936692 +0200 CEST m=+2836801.818469510
I: 2026/10/02 17:11:27 yale-starter.go:180: Start saving job volatile values
I: 2026/10/02 17:26:27 yale-starter.go:180: Start saving job volatile values
I: 2026/10/02 17:41:27 yale-starter.go:180: Start saving job volatile values
I: 2026/10/02 17:56:15 job-script-lua.go:292: G: f0224d36-ef9d-4f8b-a08b-5b07ebcd81e5, J: Lua Script (10d2d11f-7d6f-4843-b130-2dbb238f823e) - Script (Handle: 4759105) sent log message: "Tunable White: Präsenz Flur ohne aktive Rampe, zentraler und Flur-letzter Wert 5850 K gesendet"
I: 2026/10/02 17:56:27 yale-starter.go:180: Start saving job volatile values
I: 2026/10/02 17:56:34 job-script-lua.go:292: G: f0224d36-ef9d-4f8b-a08b-5b07ebcd81e5, J: Lua Script (10d2d11f-7d6f-4843-b130-2dbb238f823e) - Script (Handle: 4759143) sent log message: "Tunable White: Präsenz Wohnzimmer ohne aktive Rampe, zentraler letzter Wert 5850 K gesendet"
I: 2026/10/02 17:56:35 job-script-lua.go:292: G: f0224d36-ef9d-4f8b-a08b-5b07ebcd81e5, J: Lua Script (10d2d11f-7d6f-4843-b130-2dbb238f823e) - Script (Handle: 4759145) sent log message: "Tunable White: Präsenz AUS erkannt, keine Farbänderung"
I: 2026/10/02 17:56:37 job-script-lua.go:292: G: f0224d36-ef9d-4f8b-a08b-5b07ebcd81e5, J: Lua Script (10d2d11f-7d6f-4843-b130-2dbb238f823e) - Script (Handle: 4759149) sent log message: "Tunable White: Präsenz Wohnzimmer ohne aktive Rampe, zentraler letzter Wert 5850 K gesendet"
I: 2026/10/02 17:56:40 job-script-lua.go:292: G: f0224d36-ef9d-4f8b-a08b-5b07ebcd81e5, J: Lua Script (10d2d11f-7d6f-4843-b130-2dbb238f823e) - Script (Handle: 4759155) sent log message: "Tunable White: Präsenz AUS erkannt, keine Farbänderung"
I: 2026/10/02 17:56:41 job-script-lua.go:292: G: f0224d36-ef9d-4f8b-a08b-5b07ebcd81e5, J: Lua Script (10d2d11f-7d6f-4843-b130-2dbb238f823e) - Script (Handle: 4759157) sent log message: "Tunable White: Präsenz Wohnzimmer ohne aktive Rampe, zentraler letzter Wert 5850 K gesendet"
I: 2026/10/02 17:56:42 job-script-lua.go:292: G: f0224d36-ef9d-4f8b-a08b-5b07ebcd81e5, J: Lua Script (10d2d11f-7d6f-4843-b130-2dbb238f823e) - Script (Handle: 4759159) sent log message: "Tunable White: Präsenz AUS erkannt, keine Farbänderung"
I: 2026/10/02 17:56:42 job-script-lua.go:292: G: f0224d36-ef9d-4f8b-a08b-5b07ebcd81e5, J: Lua Script (10d2d11f-7d6f-4843-b130-2dbb238f823e) - Script (Handle: 4759161) sent log message: "Tunable White: Präsenz Wohnzimmer ohne aktive Rampe, zentraler letzter Wert 5850 K gesendet"
I: 2026/10/02 17:56:44 job-script-lua.go:292: G: f0224d36-ef9d-4f8b-a08b-5b07ebcd81e5, J: Lua Script (10d2d11f-7d6f-4843-b130-2dbb238f823e) - Script (Handle: 4759164) sent log message: "Tunable White: Präsenz AUS erkannt, keine Farbänderung"
I: 2026/10/02 17:56:46 job-script-lua.go:292: G: f0224d36-ef9d-4f8b-a08b-5b07ebcd81e5, J: Lua Script (10d2d11f-7d6f-4843-b130-2dbb238f823e) - Script (Handle: 4759169) sent log message: "Tunable White: Präsenz Wohnzimmer ohne aktive Rampe, zentraler letzter Wert 5850 K gesendet"
I: 2026/10/02 17:56:47 job-script-lua.go:292: G: f0224d36-ef9d-4f8b-a08b-5b07ebcd81e5, J: Lua Script (10d2d11f-7d6f-4843-b130-2dbb238f823e) - Script (Handle: 4759171) sent log message: "Tunable White: Präsenz AUS erkannt, keine Farbänderung"
I: 2026/10/02 17:56:48 job-script-lua.go:292: G: f0224d36-ef9d-4f8b-a08b-5b07ebcd81e5, J: Lua Script (10d2d11f-7d6f-4843-b130-2dbb238f823e) - Script (Handle: 4759173) sent log message: "Tunable White: Präsenz Wohnzimmer ohne aktive Rampe, zentraler letzter Wert 5850 K gesendet"
I: 2026/10/02 17:56:48 job-script-lua.go:292: G: f0224d36-ef9d-4f8b-a08b-5b07ebcd81e5, J: Lua Script (10d2d11f-7d6f-4843-b130-2dbb238f823e) - Script (Handle: 4759175) sent log message: "Tunable White: Präsenz AUS erkannt, keine Farbänderung"
I: 2026/10/02 17:56:52 job-script-lua.go:292: G: f0224d36-ef9d-4f8b-a08b-5b07ebcd81e5, J: Lua Script (10d2d11f-7d6f-4843-b130-2dbb238f823e) - Script (Handle: 4759184) sent log message: "Tunable White: Präsenz Wohnzimmer ohne aktive Rampe, zentraler letzter Wert 5850 K gesendet"
I: 2026/10/02 17:56:54 job-script-lua.go:292: G: f0224d36-ef9d-4f8b-a08b-5b07ebcd81e5, J: Lua Script (10d2d11f-7d6f-4843-b130-2dbb238f823e) - Script (Handle: 4759187) sent log message: "Tunable White: Präsenz AUS erkannt, keine Farbänderung"
I: 2026/10/02 17:56:56 job-script-lua.go:292: G: f0224d36-ef9d-4f8b-a08b-5b07ebcd81e5, J: Lua Script (10d2d11f-7d6f-4843-b130-2dbb238f823e) - Script (Handle: 4759191) sent log message: "Tunable White: Präsenz Wohnzimmer ohne aktive Rampe, zentraler letzter Wert 5850 K gesendet"
I: 2026/10/02 17:56:59 job-script-lua.go:292: G: f0224d36-ef9d-4f8b-a08b-5b07ebcd81e5, J: Lua Script (10d2d11f-7d6f-4843-b130-2dbb238f823e) - Script (Handle: 4759200) sent log message: "Tunable White: Präsenz AUS erkannt, keine Farbänderung"
I: 2026/10/02 17:57:06 job-script-lua.go:292: G: f0224d36-ef9d-4f8b-a08b-5b07ebcd81e5, J: Lua Script (10d2d11f-7d6f-4843-b130-2dbb238f823e) - Script (Handle: 4759213) sent log message: "Tunable White: Präsenz AUS erkannt, keine Farbänderung"
I: 2026/10/02 17:57:07 job-script-lua.go:292: G: f0224d36-ef9d-4f8b-a08b-5b07ebcd81e5, J: Lua Script (10d2d11f-7d6f-4843-b130-2dbb238f823e) - Script (Handle: 4759215) sent log message: "Tunable White: Präsenz Wohnzimmer ohne aktive Rampe, zentraler letzter Wert 5850 K gesendet"
I: 2026/10/02 17:57:23 job-script-lua.go:292: G: f0224d36-ef9d-4f8b-a08b-5b07ebcd81e5, J: Lua Script (10d2d11f-7d6f-4843-b130-2dbb238f823e) - Script (Handle: 4759249) sent log message: "Tunable White: Präsenz AUS erkannt, keine Farbänderung"
I: 2026/10/02 17:57:24 job-script-lua.go:292: G: f0224d36-ef9d-4f8b-a08b-5b07ebcd81e5, J: Lua Script (10d2d11f-7d6f-4843-b130-2dbb238f823e) - Script (Handle: 4759252) sent log message: "Tunable White: Präsenz Wohnzimmer ohne aktive Rampe, zentraler letzter Wert 5850 K gesendet"
I: 2026/10/02 17:57:42 job-script-lua.go:292: G: f0224d36-ef9d-4f8b-a08b-5b07ebcd81e5, J: Lua Script (10d2d11f-7d6f-4843-b130-2dbb238f823e) - Script (Handle: 4759287) sent log message: "Tunable White: Präsenz AUS erkannt, keine Farbänderung"
I: 2026/10/02 17:57:46 job-script-lua.go:292: G: f0224d36-ef9d-4f8b-a08b-5b07ebcd81e5, J: Lua Script (10d2d11f-7d6f-4843-b130-2dbb238f823e) - Script (Handle: 4759295) sent log message: "Tunable White: Präsenz Wohnzimmer ohne aktive Rampe, zentraler letzter Wert 5850 K gesendet"
I: 2026/10/02 17:57:48 job-script-lua.go:292: G: f0224d36-ef9d-4f8b-a08b-5b07ebcd81e5, J: Lua Script (10d2d11f-7d6f-4843-b130-2dbb238f823e) - Script (Handle: 4759299) sent log message: "Tunable White: Präsenz AUS erkannt, keine Farbänderung"
I: 2026/10/02 17:57:51 job-script-lua.go:292: G: f0224d36-ef9d-4f8b-a08b-5b07ebcd81e5, J: Lua Script (10d2d11f-7d6f-4843-b130-2dbb238f823e) - Script (Handle: 4759305) sent log message: "Tunable White: Präsenz Wohnzimmer ohne aktive Rampe, zentraler letzter Wert 5850 K gesendet"
I: 2026/10/02 17:57:56 job-script-lua.go:292: G: f0224d36-ef9d-4f8b-a08b-5b07ebcd81e5, J: Lua Script (10d2d11f-7d6f-4843-b130-2dbb238f823e) - Script (Handle: 4759315) sent log message: "Tunable White: Präsenz AUS erkannt, keine Farbänderung"
I: 2026/10/02 17:57:57 job-script-lua.go:292: G: f0224d36-ef9d-4f8b-a08b-5b07ebcd81e5, J: Lua Script (10d2d11f-7d6f-4843-b130-2dbb238f823e) - Script (Handle: 4759317) sent log message: "Tunable White: Präsenz Wohnzimmer ohne aktive Rampe, zentraler letzter Wert 5850 K gesendet"
I: 2026/10/02 17:57:58 job-script-lua.go:292: G: f0224d36-ef9d-4f8b-a08b-5b07ebcd81e5, J: Lua Script (10d2d11f-7d6f-4843-b130-2dbb238f823e) - Script (Handle: 4759319) sent log message: "Tunable White: Präsenz AUS erkannt, keine Farbänderung"
I: 2026/10/02 17:58:06 job-script-lua.go:292: G: f0224d36-ef9d-4f8b-a08b-5b07ebcd81e5, J: Lua Script (10d2d11f-7d6f-4843-b130-2dbb238f823e) - Script (Handle: 4759335) sent log message: "Tunable White: Präsenz Wohnzimmer ohne aktive Rampe, zentraler letzter Wert 5850 K gesendet"
I: 2026/10/02 17:58:06 job-script-lua.go:292: G: f0224d36-ef9d-4f8b-a08b-5b07ebcd81e5, J: Lua Script (10d2d11f-7d6f-4843-b130-2dbb238f823e) - Script (Handle: 4759337) sent log message: "Tunable White: Präsenz AUS erkannt, keine Farbänderung"
I: 2026/10/02 17:58:10 job-script-lua.go:292: G: f0224d36-ef9d-4f8b-a08b-5b07ebcd81e5, J: Lua Script (10d2d11f-7d6f-4843-b130-2dbb238f823e) - Script (Handle: 4759344) sent log message: "Tunable White: Präsenz Wohnzimmer ohne aktive Rampe, zentraler letzter Wert 5850 K gesendet"
I: 2026/10/02 17:58:29 job-script-lua.go:292: G: f0224d36-ef9d-4f8b-a08b-5b07ebcd81e5, J: Lua Script (10d2d11f-7d6f-4843-b130-2dbb238f823e) - Script (Handle: 4759382) sent log message: "Tunable White: Präsenz AUS erkannt, keine Farbänderung"
I: 2026/10/02 17:58:30 job-script-lua.go:292: G: f0224d36-ef9d-4f8b-a08b-5b07ebcd81e5, J: Lua Script (10d2d11f-7d6f-4843-b130-2dbb238f823e) - Script (Handle: 4759384) sent log message: "Tunable White: Präsenz Wohnzimmer ohne aktive Rampe, zentraler letzter Wert 5850 K gesendet"
I: 2026/10/02 17:58:31 job-script-lua.go:292: G: f0224d36-ef9d-4f8b-a08b-5b07ebcd81e5, J: Lua Script (10d2d11f-7d6f-4843-b130-2dbb238f823e) - Script (Handle: 4759386) sent log message: "Tunable White: Präsenz AUS erkannt, keine Farbänderung"
I: 2026/10/02 17:58:37 job-script-lua.go:292: G: f0224d36-ef9d-4f8b-a08b-5b07ebcd81e5, J: Lua Script (10d2d11f-7d6f-4843-b130-2dbb238f823e) - Script (Handle: 4759398) sent log message: "Tunable White: Präsenz Wohnzimmer ohne aktive Rampe, zentraler letzter Wert 5850 K gesendet"
I: 2026/10/02 17:58:38 job-script-lua.go:292: G: f0224d36-ef9d-4f8b-a08b-5b07ebcd81e5, J: Lua Script (10d2d11f-7d6f-4843-b130-2dbb238f823e) - Script (Handle: 4759400) sent log message: "Tunable White: Präsenz AUS erkannt, keine Farbänderung"
I: 2026/10/02 17:58:39 job-script-lua.go:292: G: f0224d36-ef9d-4f8b-a08b-5b07ebcd81e5, J: Lua Script (10d2d11f-7d6f-4843-b130-2dbb238f823e) - Script (Handle: 4759402) sent log message: "Tunable White: Präsenz Wohnzimmer ohne aktive Rampe, zentraler letzter Wert 5850 K gesendet"
I: 2026/10/02 18:02:53 job-script-lua.go:292: G: f0224d36-ef9d-4f8b-a08b-5b07ebcd81e5, J: Lua Script (10d2d11f-7d6f-4843-b130-2dbb238f823e) - Script (Handle: 4759910) sent log message: "Tunable White: Präsenz Flur ohne aktive Rampe, zentraler und Flur-letzter Wert 5850 K gesendet"
I: 2026/10/02 18:03:15 job-script-lua.go:292: G: f0224d36-ef9d-4f8b-a08b-5b07ebcd81e5, J: Lua Script (10d2d11f-7d6f-4843-b130-2dbb238f823e) - Script (Handle: 4759954) sent log message: "Tunable White: Präsenz AUS erkannt, keine Farbänderung"
I: 2026/10/02 18:03:22 job-script-lua.go:292: G: f0224d36-ef9d-4f8b-a08b-5b07ebcd81e5, J: Lua Script (10d2d11f-7d6f-4843-b130-2dbb238f823e) - Script (Handle: 4759968) sent log message: "Tunable White: Präsenz Wohnzimmer ohne aktive Rampe, zentraler letzter Wert 5850 K gesendet"
I: 2026/10/02 18:03:23 job-script-lua.go:292: G: f0224d36-ef9d-4f8b-a08b-5b07ebcd81e5, J: Lua Script (10d2d11f-7d6f-4843-b130-2dbb238f823e) - Script (Handle: 4759970) sent log message: "Tunable White: Präsenz AUS erkannt, keine Farbänderung"
I: 2026/10/02 18:03:25 job-script-lua.go:292: G: f0224d36-ef9d-4f8b-a08b-5b07ebcd81e5, J: Lua Script (10d2d11f-7d6f-4843-b130-2dbb238f823e) - Script (Handle: 4759976) sent log message: "Tunable White: Präsenz Wohnzimmer ohne aktive Rampe, zentraler letzter Wert 5850 K gesendet"
I: 2026/10/02 18:03:27 job-script-lua.go:292: G: f0224d36-ef9d-4f8b-a08b-5b07ebcd81e5, J: Lua Script (10d2d11f-7d6f-4843-b130-2dbb238f823e) - Script (Handle: 4759979) sent log message: "Tunable White: Präsenz AUS erkannt, keine Farbänderung"
I: 2026/10/02 18:03:30 job-script-lua.go:292: G: f0224d36-ef9d-4f8b-a08b-5b07ebcd81e5, J: Lua Script (10d2d11f-7d6f-4843-b130-2dbb238f823e) - Script (Handle: 4759985) sent log message: "Tunable White: Präsenz AUS erkannt, keine Farbänderung"
I: 2026/10/02 18:03:30 job-script-lua.go:292: G: f0224d36-ef9d-4f8b-a08b-5b07ebcd81e5, J: Lua Script (10d2d11f-7d6f-4843-b130-2dbb238f823e) - Script (Handle: 4759987) sent log message: "Tunable White: Präsenz Wohnzimmer ohne aktive Rampe, zentraler letzter Wert 5850 K gesendet"
I: 2026/10/02 18:03:54 job-script-lua.go:292: G: f0224d36-ef9d-4f8b-a08b-5b07ebcd81e5, J: Lua Script (10d2d11f-7d6f-4843-b130-2dbb238f823e) - Script (Handle: 4760034) sent log message: "Tunable White: Präsenz AUS erkannt, keine Farbänderung"
I: 2026/10/02 18:03:55 job-script-lua.go:292: G: f0224d36-ef9d-4f8b-a08b-5b07ebcd81e5, J: Lua Script (10d2d11f-7d6f-4843-b130-2dbb238f823e) - Script (Handle: 4760036) sent log message: "Tunable White: Präsenz Wohnzimmer ohne aktive Rampe, zentraler letzter Wert 5850 K gesendet"
I: 2026/10/02 18:04:02 job-script-lua.go:292: G: f0224d36-ef9d-4f8b-a08b-5b07ebcd81e5, J: Lua Script (10d2d11f-7d6f-4843-b130-2dbb238f823e) - Script (Handle: 4760050) sent log message: "Tunable White: Präsenz AUS erkannt, keine Farbänderung"
I: 2026/10/02 18:04:04 job-script-lua.go:292: G: f0224d36-ef9d-4f8b-a08b-5b07ebcd81e5, J: Lua Script (10d2d11f-7d6f-4843-b130-2dbb238f823e) - Script (Handle: 4760054) sent log message: "Tunable White: Präsenz Wohnzimmer ohne aktive Rampe, zentraler letzter Wert 5850 K gesendet"
I: 2026/10/02 18:04:23 job-script-lua.go:292: G: f0224d36-ef9d-4f8b-a08b-5b07ebcd81e5, J: Lua Script (10d2d11f-7d6f-4843-b130-2dbb238f823e) - Script (Handle: 4760092) sent log message: "Tunable White: Präsenz AUS erkannt, keine Farbänderung"
I: 2026/10/02 18:04:26 job-script-lua.go:292: G: f0224d36-ef9d-4f8b-a08b-5b07ebcd81e5, J: Lua Script (10d2d11f-7d6f-4843-b130-2dbb238f823e) - Script (Handle: 4760098) sent log message: "Tunable White: Präsenz Wohnzimmer ohne aktive Rampe, zentraler letzter Wert 5850 K gesendet"
I: 2026/10/02 18:04:51 job-script-lua.go:292: G: f0224d36-ef9d-4f8b-a08b-5b07ebcd81e5, J: Lua Script (10d2d11f-7d6f-4843-b130-2dbb238f823e) - Script (Handle: 4760148) sent log message: "Tunable White: Präsenz AUS erkannt, keine Farbänderung"
I: 2026/10/02 18:04:52 job-script-lua.go:292: G: f0224d36-ef9d-4f8b-a08b-5b07ebcd81e5, J: Lua Script (10d2d11f-7d6f-4843-b130-2dbb238f823e) - Script (Handle: 4760150) sent log message: "Tunable White: Präsenz Wohnzimmer ohne aktive Rampe, zentraler letzter Wert 5850 K gesendet"
I: 2026/10/02 18:04:53 job-script-lua.go:292: G: f0224d36-ef9d-4f8b-a08b-5b07ebcd81e5, J: Lua Script (10d2d11f-7d6f-4843-b130-2dbb238f823e) - Script (Handle: 4760152) sent log message: "Tunable White: Präsenz AUS erkannt, keine Farbänderung"
I: 2026/10/02 18:04:55 job-script-lua.go:292: G: f0224d36-ef9d-4f8b-a08b-5b07ebcd81e5, J: Lua Script (10d2d11f-7d6f-4843-b130-2dbb238f823e) - Script (Handle: 4760156) sent log message: "Tunable White: Präsenz Wohnzimmer ohne aktive Rampe, zentraler letzter Wert 5850 K gesendet"
I: 2026/10/02 18:05:11 job-script-lua.go:292: G: f0224d36-ef9d-4f8b-a08b-5b07ebcd81e5, J: Lua Script (10d2d11f-7d6f-4843-b130-2dbb238f823e) - Script (Handle: 4760190) sent log message: "Tunable White: Präsenz AUS erkannt, keine Farbänderung"
I: 2026/10/02 18:05:12 job-script-lua.go:292: G: f0224d36-ef9d-4f8b-a08b-5b07ebcd81e5, J: Lua Script (10d2d11f-7d6f-4843-b130-2dbb238f823e) - Script (Handle: 4760193) sent log message: "Tunable White: Präsenz Wohnzimmer ohne aktive Rampe, zentraler letzter Wert 5850 K gesendet"
I: 2026/10/02 18:05:15 job-script-lua.go:292: G: f0224d36-ef9d-4f8b-a08b-5b07ebcd81e5, J: Lua Script (10d2d11f-7d6f-4843-b130-2dbb238f823e) - Script (Handle: 4760197) sent log message: "Tunable White: Präsenz AUS erkannt, keine Farbänderung"
I: 2026/10/02 18:05:18 job-script-lua.go:292: G: f0224d36-ef9d-4f8b-a08b-5b07ebcd81e5, J: Lua Script (10d2d11f-7d6f-4843-b130-2dbb238f823e) - Script (Handle: 4760203) sent log message: "Tunable White: Präsenz Wohnzimmer ohne aktive Rampe, zentraler letzter Wert 5850 K gesendet"
I: 2026/10/02 18:05:19 job-script-lua.go:292: G: f0224d36-ef9d-4f8b-a08b-5b07ebcd81e5, J: Lua Script (10d2d11f-7d6f-4843-b130-2dbb238f823e) - Script (Handle: 4760205) sent log message: "Tunable White: Präsenz AUS erkannt, keine Farbänderung"
I: 2026/10/02 18:05:20 job-script-lua.go:292: G: f0224d36-ef9d-4f8b-a08b-5b07ebcd81e5, J: Lua Script (10d2d11f-7d6f-4843-b130-2dbb238f823e) - Script (Handle: 4760207) sent log message: "Tunable White: Präsenz Wohnzimmer ohne aktive Rampe, zentraler letzter Wert 5850 K gesendet"
I: 2026/10/02 18:05:26 job-script-lua.go:292: G: f0224d36-ef9d-4f8b-a08b-5b07ebcd81e5, J: Lua Script (10d2d11f-7d6f-4843-b130-2dbb238f823e) - Script (Handle: 4760219) sent log message: "Tunable White: Präsenz AUS erkannt, keine Farbänderung"
I: 2026/10/02 18:05:28 job-script-lua.go:292: G: f0224d36-ef9d-4f8b-a08b-5b07ebcd81e5, J: Lua Script (10d2d11f-7d6f-4843-b130-2dbb238f823e) - Script (Handle: 4760223) sent log message: "Tunable White: Präsenz Wohnzimmer ohne aktive Rampe, zentraler letzter Wert 5850 K gesendet"
I: 2026/10/02 18:05:29 job-script-lua.go:292: G: f0224d36-ef9d-4f8b-a08b-5b07ebcd81e5, J: Lua Script (10d2d11f-7d6f-4843-b130-2dbb238f823e) - Script (Handle: 4760225) sent log message: "Tunable White: Präsenz AUS erkannt, keine Farbänderung"
I: 2026/10/02 18:05:30 job-script-lua.go:292: G: f0224d36-ef9d-4f8b-a08b-5b07ebcd81e5, J: Lua Script (10d2d11f-7d6f-4843-b130-2dbb238f823e) - Script (Handle: 4760227) sent log message: "Tunable White: Präsenz Wohnzimmer ohne aktive Rampe, zentraler letzter Wert 5850 K gesendet"
I: 2026/10/02 18:05:33 job-script-lua.go:292: G: f0224d36-ef9d-4f8b-a08b-5b07ebcd81e5, J: Lua Script (10d2d11f-7d6f-4843-b130-2dbb238f823e) - Script (Handle: 4760235) sent log message: "Tunable White: Präsenz AUS erkannt, keine Farbänderung"
I: 2026/10/02 18:05:37 job-script-lua.go:292: G: f0224d36-ef9d-4f8b-a08b-5b07ebcd81e5, J: Lua Script (10d2d11f-7d6f-4843-b130-2dbb238f823e) - Script (Handle: 4760242) sent log message: "Tunable White: Präsenz Wohnzimmer ohne aktive Rampe, zentraler letzter Wert 5850 K gesendet"
I: 2026/10/02 18:05:39 job-script-lua.go:292: G: f0224d36-ef9d-4f8b-a08b-5b07ebcd81e5, J: Lua Script (10d2d11f-7d6f-4843-b130-2dbb238f823e) - Script (Handle: 4760246) sent log message: "Tunable White: Präsenz AUS erkannt, keine Farbänderung"
I: 2026/10/02 18:05:40 job-script-lua.go:292: G: f0224d36-ef9d-4f8b-a08b-5b07ebcd81e5, J: Lua Script (10d2d11f-7d6f-4843-b130-2dbb238f823e) - Script (Handle: 4760248) sent log message: "Tunable White: Präsenz Wohnzimmer ohne aktive Rampe, zentraler letzter Wert 5850 K gesendet"
I: 2026/10/02 18:05:41 job-script-lua.go:292: G: f0224d36-ef9d-4f8b-a08b-5b07ebcd81e5, J: Lua Script (10d2d11f-7d6f-4843-b130-2dbb238f823e) - Script (Handle: 4760250) sent log message: "Tunable White: Präsenz AUS erkannt, keine Farbänderung"
I: 2026/10/02 18:05:42 job-script-lua.go:292: G: f0224d36-ef9d-4f8b-a08b-5b07ebcd81e5, J: Lua Script (10d2d11f-7d6f-4843-b130-2dbb238f823e) - Script (Handle: 4760252) sent log message: "Tunable White: Präsenz Wohnzimmer ohne aktive Rampe, zentraler letzter Wert 5850 K gesendet"
I: 2026/10/02 18:05:43 job-script-lua.go:292: G: f0224d36-ef9d-4f8b-a08b-5b07ebcd81e5, J: Lua Script (10d2d11f-7d6f-4843-b130-2dbb238f823e) - Script (Handle: 4760254) sent log message: "Tunable White: Präsenz AUS erkannt, keine Farbänderung"
I: 2026/10/02 18:05:44 job-script-lua.go:292: G: f0224d36-ef9d-4f8b-a08b-5b07ebcd81e5, J: Lua Script (10d2d11f-7d6f-4843-b130-2dbb238f823e) - Script (Handle: 4760256) sent log message: "Tunable White: Präsenz Wohnzimmer ohne aktive Rampe, zentraler letzter Wert 5850 K gesendet"
I: 2026/10/02 18:05:51 job-script-lua.go:292: G: f0224d36-ef9d-4f8b-a08b-5b07ebcd81e5, J: Lua Script (10d2d11f-7d6f-4843-b130-2dbb238f823e) - Script (Handle: 4760270) sent log message: "Tunable White: Präsenz AUS erkannt, keine Farbänderung"
I: 2026/10/02 18:05:52 job-script-lua.go:292: G: f0224d36-ef9d-4f8b-a08b-5b07ebcd81e5, J: Lua Script (10d2d11f-7d6f-4843-b130-2dbb238f823e) - Script (Handle: 4760272) sent log message: "Tunable White: Präsenz Wohnzimmer ohne aktive Rampe, zentraler letzter Wert 5850 K gesendet"
I: 2026/10/02 18:06:26 job-script-lua.go:292: G: f0224d36-ef9d-4f8b-a08b-5b07ebcd81e5, J: Lua Script (10d2d11f-7d6f-4843-b130-2dbb238f823e) - Script (Handle: 4760340) sent log message: "Tunable White: Präsenz AUS erkannt, keine Farbänderung"
I: 2026/10/02 18:06:27 job-script-lua.go:292: G: f0224d36-ef9d-4f8b-a08b-5b07ebcd81e5, J: Lua Script (10d2d11f-7d6f-4843-b130-2dbb238f823e) - Script (Handle: 4760342) sent log message: "Tunable White: Präsenz Wohnzimmer ohne aktive Rampe, zentraler letzter Wert 5850 K gesendet"
I: 2026/10/02 18:06:39 job-script-lua.go:292: G: f0224d36-ef9d-4f8b-a08b-5b07ebcd81e5, J: Lua Script (10d2d11f-7d6f-4843-b130-2dbb238f823e) - Script (Handle: 4760366) sent log message: "Tunable White: Präsenz AUS erkannt, keine Farbänderung"
I: 2026/10/02 18:06:40 job-script-lua.go:292: G: f0224d36-ef9d-4f8b-a08b-5b07ebcd81e5, J: Lua Script (10d2d11f-7d6f-4843-b130-2dbb238f823e) - Script (Handle: 4760368) sent log message: "Tunable White: Präsenz Wohnzimmer ohne aktive Rampe, zentraler letzter Wert 5850 K gesendet"
I: 2026/10/02 18:07:25 job-script-lua.go:292: G: f0224d36-ef9d-4f8b-a08b-5b07ebcd81e5, J: Lua Script (10d2d11f-7d6f-4843-b130-2dbb238f823e) - Script (Handle: 4760460) sent log message: "Tunable White: Präsenz AUS erkannt, keine Farbänderung"
I: 2026/10/02 18:07:26 job-script-lua.go:292: G: f0224d36-ef9d-4f8b-a08b-5b07ebcd81e5, J: Lua Script (10d2d11f-7d6f-4843-b130-2dbb238f823e) - Script (Handle: 4760463) sent log message: "Tunable White: Präsenz Wohnzimmer ohne aktive Rampe, zentraler letzter Wert 5850 K gesendet"
I: 2026/10/02 18:08:05 job-script-lua.go:292: G: f0224d36-ef9d-4f8b-a08b-5b07ebcd81e5, J: Lua Script (10d2d11f-7d6f-4843-b130-2dbb238f823e) - Script (Handle: 4760540) sent log message: "Tunable White: Präsenz AUS erkannt, keine Farbänderung"
I: 2026/10/02 18:08:06 job-script-lua.go:292: G: f0224d36-ef9d-4f8b-a08b-5b07ebcd81e5, J: Lua Script (10d2d11f-7d6f-4843-b130-2dbb238f823e) - Script (Handle: 4760542) sent log message: "Tunable White: Präsenz Wohnzimmer ohne aktive Rampe, zentraler letzter Wert 5850 K gesendet"
I: 2026/10/02 18:08:09 job-script-lua.go:292: G: f0224d36-ef9d-4f8b-a08b-5b07ebcd81e5, J: Lua Script (10d2d11f-7d6f-4843-b130-2dbb238f823e) - Script (Handle: 4760548) sent log message: "Tunable White: Präsenz AUS erkannt, keine Farbänderung"
I: 2026/10/02 18:08:11 job-script-lua.go:292: G: f0224d36-ef9d-4f8b-a08b-5b07ebcd81e5, J: Lua Script (10d2d11f-7d6f-4843-b130-2dbb238f823e) - Script (Handle: 4760552) sent log message: "Tunable White: Präsenz Wohnzimmer ohne aktive Rampe, zentraler letzter Wert 5850 K gesendet"
I: 2026/10/02 18:08:29 job-script-lua.go:292: G: f0224d36-ef9d-4f8b-a08b-5b07ebcd81e5, J: Lua Script (10d2d11f-7d6f-4843-b130-2dbb238f823e) - Script (Handle: 4760588) sent log message: "Tunable White: Präsenz AUS erkannt, keine Farbänderung"
I: 2026/10/02 18:08:30 job-script-lua.go:292: G: f0224d36-ef9d-4f8b-a08b-5b07ebcd81e5, J: Lua Script (10d2d11f-7d6f-4843-b130-2dbb238f823e) - Script (Handle: 4760590) sent log message: "Tunable White: Präsenz Wohnzimmer ohne aktive Rampe, zentraler letzter Wert 5850 K gesendet"
I: 2026/10/02 18:08:38 job-script-lua.go:292: G: f0224d36-ef9d-4f8b-a08b-5b07ebcd81e5, J: Lua Script (10d2d11f-7d6f-4843-b130-2dbb238f823e) - Script (Handle: 4760606) sent log message: "Tunable White: Präsenz AUS erkannt, keine Farbänderung"
I: 2026/10/02 18:08:39 job-script-lua.go:292: G: f0224d36-ef9d-4f8b-a08b-5b07ebcd81e5, J: Lua Script (10d2d11f-7d6f-4843-b130-2dbb238f823e) - Script (Handle: 4760608) sent log message: "Tunable White: Präsenz Wohnzimmer ohne aktive Rampe, zentraler letzter Wert 5850 K gesendet"
I: 2026/10/02 18:08:45 job-script-lua.go:292: G: f0224d36-ef9d-4f8b-a08b-5b07ebcd81e5, J: Lua Script (10d2d11f-7d6f-4843-b130-2dbb238f823e) - Script (Handle: 4760620) sent log message: "Tunable White: Präsenz AUS erkannt, keine Farbänderung"
I: 2026/10/02 18:08:46 job-script-lua.go:292: G: f0224d36-ef9d-4f8b-a08b-5b07ebcd81e5, J: Lua Script (10d2d11f-7d6f-4843-b130-2dbb238f823e) - Script (Handle: 4760622) sent log message: "Tunable White: Präsenz Wohnzimmer ohne aktive Rampe, zentraler letzter Wert 5850 K gesendet"
I: 2026/10/02 18:08:53 job-script-lua.go:292: G: f0224d36-ef9d-4f8b-a08b-5b07ebcd81e5, J: Lua Script (10d2d11f-7d6f-4843-b130-2dbb238f823e) - Script (Handle: 4760636) sent log message: "Tunable White: Präsenz AUS erkannt, keine Farbänderung"
I: 2026/10/02 18:08:57 job-script-lua.go:292: G: f0224d36-ef9d-4f8b-a08b-5b07ebcd81e5, J: Lua Script (10d2d11f-7d6f-4843-b130-2dbb238f823e) - Script (Handle: 4760644) sent log message: "Tunable White: Präsenz Wohnzimmer ohne aktive Rampe, zentraler letzter Wert 5850 K gesendet"
I: 2026/10/02 18:08:58 job-script-lua.go:292: G: f0224d36-ef9d-4f8b-a08b-5b07ebcd81e5, J: Lua Script (10d2d11f-7d6f-4843-b130-2dbb238f823e) - Script (Handle: 4760646) sent log message: "Tunable White: Präsenz AUS erkannt, keine Farbänderung"
I: 2026/10/02 18:08:59 job-script-lua.go:292: G: f0224d36-ef9d-4f8b-a08b-5b07ebcd81e5, J: Lua Script (10d2d11f-7d6f-4843-b130-2dbb238f823e) - Script (Handle: 4760648) sent log message: "Tunable White: Präsenz Wohnzimmer ohne aktive Rampe, zentraler letzter Wert 5850 K gesendet"
I: 2026/10/02 18:09:07 job-script-lua.go:292: G: f0224d36-ef9d-4f8b-a08b-5b07ebcd81e5, J: Lua Script (10d2d11f-7d6f-4843-b130-2dbb238f823e) - Script (Handle: 4760664) sent log message: "Tunable White: Präsenz AUS erkannt, keine Farbänderung"
I: 2026/10/02 18:09:08 job-script-lua.go:292: G: f0224d36-ef9d-4f8b-a08b-5b07ebcd81e5, J: Lua Script (10d2d11f-7d6f-4843-b130-2dbb238f823e) - Script (Handle: 4760666) sent log message: "Tunable White: Präsenz Wohnzimmer ohne aktive Rampe, zentraler letzter Wert 5850 K gesendet"
I: 2026/10/02 18:09:17 job-script-lua.go:292: G: f0224d36-ef9d-4f8b-a08b-5b07ebcd81e5, J: Lua Script (10d2d11f-7d6f-4843-b130-2dbb238f823e) - Script (Handle: 4760684) sent log message: "Tunable White: Präsenz Flur ohne aktive Rampe, zentraler und Flur-letzter Wert 5850 K gesendet"
I: 2026/10/02 18:09:22 job-script-lua.go:292: G: f0224d36-ef9d-4f8b-a08b-5b07ebcd81e5, J: Lua Script (10d2d11f-7d6f-4843-b130-2dbb238f823e) - Script (Handle: 4760696) sent log message: "Tunable White: Präsenz AUS erkannt, keine Farbänderung"
I: 2026/10/02 18:09:23 job-script-lua.go:292: G: f0224d36-ef9d-4f8b-a08b-5b07ebcd81e5, J: Lua Script (10d2d11f-7d6f-4843-b130-2dbb238f823e) - Script (Handle: 4760699) sent log message: "Tunable White: Präsenz Wohnzimmer ohne aktive Rampe, zentraler letzter Wert 5850 K gesendet"
I: 2026/10/02 18:09:33 job-script-lua.go:292: G: f0224d36-ef9d-4f8b-a08b-5b07ebcd81e5, J: Lua Script (10d2d11f-7d6f-4843-b130-2dbb238f823e) - Script (Handle: 4760718) sent log message: "Tunable White: Präsenz AUS erkannt, keine Farbänderung"
I: 2026/10/02 18:09:35 job-script-lua.go:292: G: f0224d36-ef9d-4f8b-a08b-5b07ebcd81e5, J: Lua Script (10d2d11f-7d6f-4843-b130-2dbb238f823e) - Script (Handle: 4760722) sent log message: "Tunable White: Präsenz AUS erkannt, keine Farbänderung"
I: 2026/10/02 18:09:36 job-script-lua.go:292: G: f0224d36-ef9d-4f8b-a08b-5b07ebcd81e5, J: Lua Script (10d2d11f-7d6f-4843-b130-2dbb238f823e) - Script (Handle: 4760724) sent log message: "Tunable White: Präsenz Wohnzimmer ohne aktive Rampe, zentraler letzter Wert 5850 K gesendet"
I: 2026/10/02 18:09:40 job-script-lua.go:292: G: f0224d36-ef9d-4f8b-a08b-5b07ebcd81e5, J: Lua Script (10d2d11f-7d6f-4843-b130-2dbb238f823e) - Script (Handle: 4760732) sent log message: "Tunable White: Präsenz AUS erkannt, keine Farbänderung"
I: 2026/10/02 18:09:41 job-script-lua.go:292: G: f0224d36-ef9d-4f8b-a08b-5b07ebcd81e5, J: Lua Script (10d2d11f-7d6f-4843-b130-2dbb238f823e) - Script (Handle: 4760734) sent log message: "Tunable White: Präsenz Wohnzimmer ohne aktive Rampe, zentraler letzter Wert 5850 K gesendet"
I: 2026/10/02 18:09:43 job-script-lua.go:292: G: f0224d36-ef9d-4f8b-a08b-5b07ebcd81e5, J: Lua Script (10d2d11f-7d6f-4843-b130-2dbb238f823e) - Script (Handle: 4760738) sent log message: "Tunable White: Präsenz AUS erkannt, keine Farbänderung"
I: 2026/10/02 18:09:44 job-script-lua.go:292: G: f0224d36-ef9d-4f8b-a08b-5b07ebcd81e5, J: Lua Script (10d2d11f-7d6f-4843-b130-2dbb238f823e) - Script (Handle: 4760740) sent log message: "Tunable White: Präsenz Wohnzimmer ohne aktive Rampe, zentraler letzter Wert 5850 K gesendet"
I: 2026/10/02 18:11:24 yale.go:106: YaLE Main (PID: 2661) KeepAliveTicker - 2026-10-02 18:11:24.965952734 +0200 CEST m=+2840401.816486390
I: 2026/10/02 18:11:27 yale-starter.go:180: Start saving job volatile values
I: 2026/10/02 18:17:29 job-script-lua.go:292: G: f0224d36-ef9d-4f8b-a08b-5b07ebcd81e5, J: Lua Script (10d2d11f-7d6f-4843-b130-2dbb238f823e) - Script (Handle: 4761670) sent log message: "Tunable White: Sonnenuntergang gestartet (Ist-Start): 5850 K -> 2000 K (Wetter: Clouds)"
I: 2026/10/02 18:21:01 job-script-lua.go:292: G: f0224d36-ef9d-4f8b-a08b-5b07ebcd81e5, J: Lua Script (10d2d11f-7d6f-4843-b130-2dbb238f823e) - Script (Handle: 4762094) sent log message: "Tunable White: Zentral 5800 K"
I: 2026/10/02 18:22:58 job-script-lua.go:292: G: f0224d36-ef9d-4f8b-a08b-5b07ebcd81e5, J: Lua Script (10d2d11f-7d6f-4843-b130-2dbb238f823e) - Script (Handle: 4762328) sent log message: "Tunable White: Präsenz AUS erkannt, keine Farbänderung"
I: 2026/10/02 18:22:59 job-script-lua.go:292: G: f0224d36-ef9d-4f8b-a08b-5b07ebcd81e5, J: Lua Script (10d2d11f-7d6f-4843-b130-2dbb238f823e) - Script (Handle: 4762330) sent log message: "Tunable White: Präsenz Wohnzimmer, zentraler Wert 5800 K gesendet"
I: 2026/10/02 18:23:12 job-script-lua.go:292: G: f0224d36-ef9d-4f8b-a08b-5b07ebcd81e5, J: Lua Script (10d2d11f-7d6f-4843-b130-2dbb238f823e) - Script (Handle: 4762358) sent log message: "Tunable White: Präsenz AUS erkannt, keine Farbänderung"
I: 2026/10/02 18:23:17 job-script-lua.go:292: G: f0224d36-ef9d-4f8b-a08b-5b07ebcd81e5, J: Lua Script (10d2d11f-7d6f-4843-b130-2dbb238f823e) - Script (Handle: 4762367) sent log message: "Tunable White: Präsenz Wohnzimmer, zentraler Wert 5800 K gesendet"
I: 2026/10/02 18:23:18 job-script-lua.go:292: G: f0224d36-ef9d-4f8b-a08b-5b07ebcd81e5, J: Lua Script (10d2d11f-7d6f-4843-b130-2dbb238f823e) - Script (Handle: 4762369) sent log message: "Tunable White: Präsenz AUS erkannt, keine Farbänderung"
I: 2026/10/02 18:23:19 job-script-lua.go:292: G: f0224d36-ef9d-4f8b-a08b-5b07ebcd81e5, J: Lua Script (10d2d11f-7d6f-4843-b130-2dbb238f823e) - Script (Handle: 4762371) sent log message: "Tunable White: Präsenz Wohnzimmer, zentraler Wert 5800 K gesendet"
I: 2026/10/02 18:23:21 job-script-lua.go:292: G: f0224d36-ef9d-4f8b-a08b-5b07ebcd81e5, J: Lua Script (10d2d11f-7d6f-4843-b130-2dbb238f823e) - Script (Handle: 4762375) sent log message: "Tunable White: Präsenz AUS erkannt, keine Farbänderung"
I: 2026/10/02 18:23:22 job-script-lua.go:292: G: f0224d36-ef9d-4f8b-a08b-5b07ebcd81e5, J: Lua Script (10d2d11f-7d6f-4843-b130-2dbb238f823e) - Script (Handle: 4762377) sent log message: "Tunable White: Präsenz Wohnzimmer, zentraler Wert 5800 K gesendet"
I: 2026/10/02 18:23:50 job-script-lua.go:292: G: f0224d36-ef9d-4f8b-a08b-5b07ebcd81e5, J: Lua Script (10d2d11f-7d6f-4843-b130-2dbb238f823e) - Script (Handle: 4762435) sent log message: "Tunable White: Präsenz AUS erkannt, keine Farbänderung"
I: 2026/10/02 18:23:52 job-script-lua.go:292: G: f0224d36-ef9d-4f8b-a08b-5b07ebcd81e5, J: Lua Script (10d2d11f-7d6f-4843-b130-2dbb238f823e) - Script (Handle: 4762437) sent log message: "Tunable White: Präsenz Wohnzimmer, zentraler Wert 5800 K gesendet"
I: 2026/10/02 18:23:54 job-script-lua.go:292: G: f0224d36-ef9d-4f8b-a08b-5b07ebcd81e5, J: Lua Script (10d2d11f-7d6f-4843-b130-2dbb238f823e) - Script (Handle: 4762441) sent log message: "Tunable White: Präsenz AUS erkannt, keine Farbänderung"
I: 2026/10/02 18:23:56 job-script-lua.go:292: G: f0224d36-ef9d-4f8b-a08b-5b07ebcd81e5, J: Lua Script (10d2d11f-7d6f-4843-b130-2dbb238f823e) - Script (Handle: 4762445) sent log message: "Tunable White: Präsenz Wohnzimmer, zentraler Wert 5800 K gesendet"
I: 2026/10/02 18:23:58 job-script-lua.go:292: G: f0224d36-ef9d-4f8b-a08b-5b07ebcd81e5, J: Lua Script (10d2d11f-7d6f-4843-b130-2dbb238f823e) - Script (Handle: 4762449) sent log message: "Tunable White: Präsenz AUS erkannt, keine Farbänderung"
I: 2026/10/02 18:24:02 job-script-lua.go:292: G: f0224d36-ef9d-4f8b-a08b-5b07ebcd81e5, J: Lua Script (10d2d11f-7d6f-4843-b130-2dbb238f823e) - Script (Handle: 4762457) sent log message: "Tunable White: Präsenz Wohnzimmer, zentraler Wert 5800 K gesendet"
I: 2026/10/02 18:24:35 job-script-lua.go:292: G: f0224d36-ef9d-4f8b-a08b-5b07ebcd81e5, J: Lua Script (10d2d11f-7d6f-4843-b130-2dbb238f823e) - Script (Handle: 4762523) sent log message: "Tunable White: Präsenz AUS erkannt, keine Farbänderung"
I: 2026/10/02 18:24:36 job-script-lua.go:292: G: f0224d36-ef9d-4f8b-a08b-5b07ebcd81e5, J: Lua Script (10d2d11f-7d6f-4843-b130-2dbb238f823e) - Script (Handle: 4762525) sent log message: "Tunable White: Präsenz Wohnzimmer, zentraler Wert 5800 K gesendet"
I: 2026/10/02 18:25:34 job-script-lua.go:292: G: f0224d36-ef9d-4f8b-a08b-5b07ebcd81e5, J: Lua Script (10d2d11f-7d6f-4843-b130-2dbb238f823e) - Script (Handle: 4762641) sent log message: "Tunable White: Präsenz AUS erkannt, keine Farbänderung"
I: 2026/10/02 18:25:35 job-script-lua.go:292: G: f0224d36-ef9d-4f8b-a08b-5b07ebcd81e5, J: Lua Script (10d2d11f-7d6f-4843-b130-2dbb238f823e) - Script (Handle: 4762643) sent log message: "Tunable White: Präsenz Wohnzimmer, zentraler Wert 5800 K gesendet"
I: 2026/10/02 18:25:36 job-script-lua.go:292: G: f0224d36-ef9d-4f8b-a08b-5b07ebcd81e5, J: Lua Script (10d2d11f-7d6f-4843-b130-2dbb238f823e) - Script (Handle: 4762645) sent log message: "Tunable White: Präsenz AUS erkannt, keine Farbänderung"
I: 2026/10/02 18:25:38 job-script-lua.go:292: G: f0224d36-ef9d-4f8b-a08b-5b07ebcd81e5, J: Lua Script (10d2d11f-7d6f-4843-b130-2dbb238f823e) - Script (Handle: 4762649) sent log message: "Tunable White: Präsenz Wohnzimmer, zentraler Wert 5800 K gesendet"
I: 2026/10/02 18:25:41 job-script-lua.go:292: G: f0224d36-ef9d-4f8b-a08b-5b07ebcd81e5, J: Lua Script (10d2d11f-7d6f-4843-b130-2dbb238f823e) - Script (Handle: 4762655) sent log message: "Tunable White: Präsenz AUS erkannt, keine Farbänderung"
I: 2026/10/02 18:25:43 job-script-lua.go:292: G: f0224d36-ef9d-4f8b-a08b-5b07ebcd81e5, J: Lua Script (10d2d11f-7d6f-4843-b130-2dbb238f823e) - Script (Handle: 4762661) sent log message: "Tunable White: Präsenz Wohnzimmer, zentraler Wert 5800 K gesendet"
I: 2026/10/02 18:25:55 job-script-lua.go:292: G: f0224d36-ef9d-4f8b-a08b-5b07ebcd81e5, J: Lua Script (10d2d11f-7d6f-4843-b130-2dbb238f823e) - Script (Handle: 4762684) sent log message: "Tunable White: Präsenz AUS erkannt, keine Farbänderung"
I: 2026/10/02 18:25:59 job-script-lua.go:292: G: f0224d36-ef9d-4f8b-a08b-5b07ebcd81e5, J: Lua Script (10d2d11f-7d6f-4843-b130-2dbb238f823e) - Script (Handle: 4762692) sent log message: "Tunable White: Präsenz Wohnzimmer, zentraler Wert 5800 K gesendet"
I: 2026/10/02 18:26:01 job-script-lua.go:292: G: f0224d36-ef9d-4f8b-a08b-5b07ebcd81e5, J: Lua Script (10d2d11f-7d6f-4843-b130-2dbb238f823e) - Script (Handle: 4762696) sent log message: "Tunable White: Präsenz AUS erkannt, keine Farbänderung"
I: 2026/10/02 18:26:04 job-script-lua.go:292: G: f0224d36-ef9d-4f8b-a08b-5b07ebcd81e5, J: Lua Script (10d2d11f-7d6f-4843-b130-2dbb238f823e) - Script (Handle: 4762702) sent log message: "Tunable White: Präsenz Wohnzimmer, zentraler Wert 5800 K gesendet"
I: 2026/10/02 18:26:05 job-script-lua.go:292: G: f0224d36-ef9d-4f8b-a08b-5b07ebcd81e5, J: Lua Script (10d2d11f-7d6f-4843-b130-2dbb238f823e) - Script (Handle: 4762704) sent log message: "Tunable White: Präsenz AUS erkannt, keine Farbänderung"
I: 2026/10/02 18:26:06 job-script-lua.go:292: G: f0224d36-ef9d-4f8b-a08b-5b07ebcd81e5, J: Lua Script (10d2d11f-7d6f-4843-b130-2dbb238f823e) - Script (Handle: 4762706) sent log message: "Tunable White: Präsenz Wohnzimmer, zentraler Wert 5800 K gesendet"
I: 2026/10/02 18:26:11 job-script-lua.go:292: G: f0224d36-ef9d-4f8b-a08b-5b07ebcd81e5, J: Lua Script (10d2d11f-7d6f-4843-b130-2dbb238f823e) - Script (Handle: 4762718) sent log message: "Tunable White: Präsenz AUS erkannt, keine Farbänderung"
I: 2026/10/02 18:26:12 job-script-lua.go:292: G: f0224d36-ef9d-4f8b-a08b-5b07ebcd81e5, J: Lua Script (10d2d11f-7d6f-4843-b130-2dbb238f823e) - Script (Handle: 4762721) sent log message: "Tunable White: Präsenz Wohnzimmer, zentraler Wert 5800 K gesendet"
I: 2026/10/02 18:26:22 job-script-lua.go:292: G: f0224d36-ef9d-4f8b-a08b-5b07ebcd81e5, J: Lua Script (10d2d11f-7d6f-4843-b130-2dbb238f823e) - Script (Handle: 4762740) sent log message: "Tunable White: Präsenz AUS erkannt, keine Farbänderung"
I: 2026/10/02 18:26:23 job-script-lua.go:292: G: f0224d36-ef9d-4f8b-a08b-5b07ebcd81e5, J: Lua Script (10d2d11f-7d6f-4843-b130-2dbb238f823e) - Script (Handle: 4762742) sent log message: "Tunable White: Präsenz Wohnzimmer, zentraler Wert 5800 K gesendet"
I: 2026/10/02 18:26:27 yale-starter.go:180: Start saving job volatile values
I: 2026/10/02 18:26:59 job-script-lua.go:292: G: f0224d36-ef9d-4f8b-a08b-5b07ebcd81e5, J: Lua Script (10d2d11f-7d6f-4843-b130-2dbb238f823e) - Script (Handle: 4762814) sent log message: "Tunable White: Präsenz AUS erkannt, keine Farbänderung"
I: 2026/10/02 18:27:00 job-script-lua.go:292: G: f0224d36-ef9d-4f8b-a08b-5b07ebcd81e5, J: Lua Script (10d2d11f-7d6f-4843-b130-2dbb238f823e) - Script (Handle: 4762817) sent log message: "Tunable White: Präsenz Wohnzimmer, zentraler Wert 5800 K gesendet"
I: 2026/10/02 18:28:09 job-script-lua.go:292: G: f0224d36-ef9d-4f8b-a08b-5b07ebcd81e5, J: Lua Script (10d2d11f-7d6f-4843-b130-2dbb238f823e) - Script (Handle: 4762956) sent log message: "Tunable White: Präsenz AUS erkannt, keine Farbänderung"
I: 2026/10/02 18:28:11 job-script-lua.go:292: G: f0224d36-ef9d-4f8b-a08b-5b07ebcd81e5, J: Lua Script (10d2d11f-7d6f-4843-b130-2dbb238f823e) - Script (Handle: 4762959) sent log message: "Tunable White: Präsenz Wohnzimmer, zentraler Wert 5800 K gesendet"
I: 2026/10/02 18:28:13 job-script-lua.go:292: G: f0224d36-ef9d-4f8b-a08b-5b07ebcd81e5, J: Lua Script (10d2d11f-7d6f-4843-b130-2dbb238f823e) - Script (Handle: 4762963) sent log message: "Tunable White: Präsenz AUS erkannt, keine Farbänderung"
I: 2026/10/02 18:28:16 job-script-lua.go:292: G: f0224d36-ef9d-4f8b-a08b-5b07ebcd81e5, J: Lua Script (10d2d11f-7d6f-4843-b130-2dbb238f823e) - Script (Handle: 4762969) sent log message: "Tunable White: Präsenz Wohnzimmer, zentraler Wert 5800 K gesendet"
I: 2026/10/02 18:28:57 job-script-lua.go:292: G: f0224d36-ef9d-4f8b-a08b-5b07ebcd81e5, J: Lua Script (10d2d11f-7d6f-4843-b130-2dbb238f823e) - Script (Handle: 4763051) sent log message: "Tunable White: Präsenz AUS erkannt, keine Farbänderung"
I: 2026/10/02 18:29:01 job-script-lua.go:292: G: f0224d36-ef9d-4f8b-a08b-5b07ebcd81e5, J: Lua Script (10d2d11f-7d6f-4843-b130-2dbb238f823e) - Script (Handle: 4763059) sent log message: "Tunable White: Präsenz Wohnzimmer, zentraler Wert 5800 K gesendet"
I: 2026/10/02 18:29:07 job-script-lua.go:292: G: f0224d36-ef9d-4f8b-a08b-5b07ebcd81e5, J: Lua Script (10d2d11f-7d6f-4843-b130-2dbb238f823e) - Script (Handle: 4763071) sent log message: "Tunable White: Präsenz AUS erkannt, keine Farbänderung"
I: 2026/10/02 18:29:11 job-script-lua.go:292: G: f0224d36-ef9d-4f8b-a08b-5b07ebcd81e5, J: Lua Script (10d2d11f-7d6f-4843-b130-2dbb238f823e) - Script (Handle: 4763079) sent log message: "Tunable White: Präsenz Wohnzimmer, zentraler Wert 5800 K gesendet"
I: 2026/10/02 18:29:17 job-script-lua.go:292: G: f0224d36-ef9d-4f8b-a08b-5b07ebcd81e5, J: Lua Script (10d2d11f-7d6f-4843-b130-2dbb238f823e) - Script (Handle: 4763091) sent log message: "Tunable White: Präsenz AUS erkannt, keine Farbänderung"
I: 2026/10/02 18:29:19 job-script-lua.go:292: G: f0224d36-ef9d-4f8b-a08b-5b07ebcd81e5, J: Lua Script (10d2d11f-7d6f-4843-b130-2dbb238f823e) - Script (Handle: 4763095) sent log message: "Tunable White: Präsenz Wohnzimmer, zentraler Wert 5800 K gesendet"
I: 2026/10/02 18:29:26 job-script-lua.go:292: G: f0224d36-ef9d-4f8b-a08b-5b07ebcd81e5, J: Lua Script (10d2d11f-7d6f-4843-b130-2dbb238f823e) - Script (Handle: 4763111) sent log message: "Tunable White: Präsenz AUS erkannt, keine Farbänderung"
I: 2026/10/02 18:29:27 job-script-lua.go:292: G: f0224d36-ef9d-4f8b-a08b-5b07ebcd81e5, J: Lua Script (10d2d11f-7d6f-4843-b130-2dbb238f823e) - Script (Handle: 4763114) sent log message: "Tunable White: Präsenz Wohnzimmer, zentraler Wert 5800 K gesendet"
I: 2026/10/02 18:29:28 job-script-lua.go:292: G: f0224d36-ef9d-4f8b-a08b-5b07ebcd81e5, J: Lua Script (10d2d11f-7d6f-4843-b130-2dbb238f823e) - Script (Handle: 4763117) sent log message: "Tunable White: Präsenz AUS erkannt, keine Farbänderung"
I: 2026/10/02 18:29:31 job-script-lua.go:292: G: f0224d36-ef9d-4f8b-a08b-5b07ebcd81e5, J: Lua Script (10d2d11f-7d6f-4843-b130-2dbb238f823e) - Script (Handle: 4763122) sent log message: "Tunable White: Präsenz Wohnzimmer, zentraler Wert 5800 K gesendet"
I: 2026/10/02 18:30:01 job-script-lua.go:292: G: f0224d36-ef9d-4f8b-a08b-5b07ebcd81e5, J: Lua Script (10d2d11f-7d6f-4843-b130-2dbb238f823e) - Script (Handle: 4763182) sent log message: "Tunable White: Präsenz AUS erkannt, keine Farbänderung"
I: 2026/10/02 18:30:07 job-script-lua.go:292: G: f0224d36-ef9d-4f8b-a08b-5b07ebcd81e5, J: Lua Script (10d2d11f-7d6f-4843-b130-2dbb238f823e) - Script (Handle: 4763194) sent log message: "Tunable White: Präsenz Wohnzimmer, zentraler Wert 5800 K gesendet"
I: 2026/10/02 18:30:08 job-script-lua.go:292: G: f0224d36-ef9d-4f8b-a08b-5b07ebcd81e5, J: Lua Script (10d2d11f-7d6f-4843-b130-2dbb238f823e) - Script (Handle: 4763196) sent log message: "Tunable White: Präsenz AUS erkannt, keine Farbänderung"
I: 2026/10/02 18:30:09 job-script-lua.go:292: G: f0224d36-ef9d-4f8b-a08b-5b07ebcd81e5, J: Lua Script (10d2d11f-7d6f-4843-b130-2dbb238f823e) - Script (Handle: 4763198) sent log message: "Tunable White: Präsenz Wohnzimmer, zentraler Wert 5800 K gesendet"
I: 2026/10/02 18:30:10 job-script-lua.go:292: G: f0224d36-ef9d-4f8b-a08b-5b07ebcd81e5, J: Lua Script (10d2d11f-7d6f-4843-b130-2dbb238f823e) - Script (Handle: 4763200) sent log message: "Tunable White: Präsenz AUS erkannt, keine Farbänderung"
I: 2026/10/02 18:30:11 job-script-lua.go:292: G: f0224d36-ef9d-4f8b-a08b-5b07ebcd81e5, J: Lua Script (10d2d11f-7d6f-4843-b130-2dbb238f823e) - Script (Handle: 4763202) sent log message: "Tunable White: Präsenz Wohnzimmer, zentraler Wert 5800 K gesendet"
I: 2026/10/02 18:31:01 job-script-lua.go:292: G: f0224d36-ef9d-4f8b-a08b-5b07ebcd81e5, J: Lua Script (10d2d11f-7d6f-4843-b130-2dbb238f823e) - Script (Handle: 4763302) sent log message: "Tunable White: Zentral 5750 K"
I: 2026/10/02 18:33:29 job-script-lua.go:292: G: f0224d36-ef9d-4f8b-a08b-5b07ebcd81e5, J: Lua Script (10d2d11f-7d6f-4843-b130-2dbb238f823e) - Script (Handle: 4763598) sent log message: "Tunable White: Präsenz AUS erkannt, keine Farbänderung"
I: 2026/10/02 18:33:31 job-script-lua.go:292: G: f0224d36-ef9d-4f8b-a08b-5b07ebcd81e5, J: Lua Script (10d2d11f-7d6f-4843-b130-2dbb238f823e) - Script (Handle: 4763602) sent log message: "Tunable White: Präsenz Wohnzimmer, zentraler Wert 5750 K gesendet"
I: 2026/10/02 18:34:03 job-script-lua.go:292: G: f0224d36-ef9d-4f8b-a08b-5b07ebcd81e5, J: Lua Script (10d2d11f-7d6f-4843-b130-2dbb238f823e) - Script (Handle: 4763666) sent log message: "Tunable White: Präsenz AUS erkannt, keine Farbänderung"
I: 2026/10/02 18:34:04 job-script-lua.go:292: G: f0224d36-ef9d-4f8b-a08b-5b07ebcd81e5, J: Lua Script (10d2d11f-7d6f-4843-b130-2dbb238f823e) - Script (Handle: 4763668) sent log message: "Tunable White: Präsenz Wohnzimmer, zentraler Wert 5750 K gesendet"
I: 2026/10/02 18:36:01 job-script-lua.go:292: G: f0224d36-ef9d-4f8b-a08b-5b07ebcd81e5, J: Lua Script (10d2d11f-7d6f-4843-b130-2dbb238f823e) - Script (Handle: 4763902) sent log message: "Tunable White: Zentral 5705 K"
I: 2026/10/02 18:38:47 job-script-lua.go:292: G: f0224d36-ef9d-4f8b-a08b-5b07ebcd81e5, J: Lua Script (10d2d11f-7d6f-4843-b130-2dbb238f823e) - Script (Handle: 4764234) sent log message: "Tunable White: Präsenz AUS erkannt, keine Farbänderung"
I: 2026/10/02 18:38:48 job-script-lua.go:292: G: f0224d36-ef9d-4f8b-a08b-5b07ebcd81e5, J: Lua Script (10d2d11f-7d6f-4843-b130-2dbb238f823e) - Script (Handle: 4764236) sent log message: "Tunable White: Präsenz Wohnzimmer, zentraler Wert 5705 K gesendet"
I: 2026/10/02 18:41:01 job-script-lua.go:292: G: f0224d36-ef9d-4f8b-a08b-5b07ebcd81e5, J: Lua Script (10d2d11f-7d6f-4843-b130-2dbb238f823e) - Script (Handle: 4764502) sent log message: "Tunable White: Zentral 5655 K"
I: 2026/10/02 18:41:27 yale-starter.go:180: Start saving job volatile values
I: 2026/10/02 18:46:01 job-script-lua.go:292: G: f0224d36-ef9d-4f8b-a08b-5b07ebcd81e5, J: Lua Script (10d2d11f-7d6f-4843-b130-2dbb238f823e) - Script (Handle: 4765102) sent log message: "Tunable White: Zentral 5615 K"
I: 2026/10/02 18:47:14 job-script-lua.go:292: G: f0224d36-ef9d-4f8b-a08b-5b07ebcd81e5, J: Lua Script (10d2d11f-7d6f-4843-b130-2dbb238f823e) - Script (Handle: 4765250) sent log message: "Tunable White: Präsenz AUS erkannt, keine Farbänderung"
I: 2026/10/02 18:47:15 job-script-lua.go:292: G: f0224d36-ef9d-4f8b-a08b-5b07ebcd81e5, J: Lua Script (10d2d11f-7d6f-4843-b130-2dbb238f823e) - Script (Handle: 4765253) sent log message: "Tunable White: Präsenz Wohnzimmer, zentraler Wert 5615 K gesendet"
I: 2026/10/02 18:51:01 job-script-lua.go:292: G: f0224d36-ef9d-4f8b-a08b-5b07ebcd81e5, J: Lua Script (10d2d11f-7d6f-4843-b130-2dbb238f823e) - Script (Handle: 4765704) sent log message: "Tunable White: Zentral 5570 K"
I: 2026/10/02 18:52:29 job-script-lua.go:292: G: f0224d36-ef9d-4f8b-a08b-5b07ebcd81e5, J: Lua Script (10d2d11f-7d6f-4843-b130-2dbb238f823e) - Script (Handle: 4765880) sent log message: "Tunable White: Zentral 2000 K"
I: 2026/10/02 18:52:29 job-script-lua.go:292: G: f0224d36-ef9d-4f8b-a08b-5b07ebcd81e5, J: Lua Script (10d2d11f-7d6f-4843-b130-2dbb238f823e) - Script (Handle: 4765880) sent log message: "Tunable White: Rampe beendet bei 2000 K (night)"
I: 2026/10/02 18:56:27 yale-starter.go:180: Start saving job volatile values
I: 2026/10/02 18:57:09 job-script-lua.go:292: G: f0224d36-ef9d-4f8b-a08b-5b07ebcd81e5, J: Lua Script (10d2d11f-7d6f-4843-b130-2dbb238f823e) - Script (Handle: 4766440) sent log message: "Tunable White: Sonnenuntergang gestartet (Ist-Start): 2000 K -> 2000 K (Wetter: Clouds)"
I: 2026/10/02 19:05:25 job-script-lua.go:292: G: f0224d36-ef9d-4f8b-a08b-5b07ebcd81e5, J: Lua Script (10d2d11f-7d6f-4843-b130-2dbb238f823e) - Script (Handle: 4767432) sent log message: "Tunable White: Präsenz AUS erkannt, keine Farbänderung"
I: 2026/10/02 19:05:26 job-script-lua.go:292: G: f0224d36-ef9d-4f8b-a08b-5b07ebcd81e5, J: Lua Script (10d2d11f-7d6f-4843-b130-2dbb238f823e) - Script (Handle: 4767434) sent log message: "Tunable White: Präsenz Wohnzimmer, zentraler Wert 2000 K gesendet"
I: 2026/10/02 19:11:24 yale.go:106: YaLE Main (PID: 2661) KeepAliveTicker - 2026-10-02 19:11:24.967733565 +0200 CEST m=+2844001.818266383
I: 2026/10/02 19:11:27 yale-starter.go:180: Start saving job volatile values
I: 2026/10/02 19:12:08 job-script-lua.go:292: G: f0224d36-ef9d-4f8b-a08b-5b07ebcd81e5, J: Lua Script (10d2d11f-7d6f-4843-b130-2dbb238f823e) - Script (Handle: 4768238) sent log message: "Tunable White: Präsenz AUS erkannt, keine Farbänderung"
I: 2026/10/02 19:12:09 job-script-lua.go:292: G: f0224d36-ef9d-4f8b-a08b-5b07ebcd81e5, J: Lua Script (10d2d11f-7d6f-4843-b130-2dbb238f823e) - Script (Handle: 4768240) sent log message: "Tunable White: Präsenz Wohnzimmer, zentraler Wert 2000 K gesendet"
I: 2026/10/02 19:17:30 job-script-lua.go:292: G: f0224d36-ef9d-4f8b-a08b-5b07ebcd81e5, J: Lua Script (10d2d11f-7d6f-4843-b130-2dbb238f823e) - Script (Handle: 4768882) sent log message: "Tunable White: Präsenz AUS erkannt, keine Farbänderung"
I: 2026/10/02 19:17:32 job-script-lua.go:292: G: f0224d36-ef9d-4f8b-a08b-5b07ebcd81e5, J: Lua Script (10d2d11f-7d6f-4843-b130-2dbb238f823e) - Script (Handle: 4768886) sent log message: "Tunable White: Präsenz Wohnzimmer, zentraler Wert 2000 K gesendet"
I: 2026/10/02 19:26:27 yale-starter.go:180: Start saving job volatile values
I: 2026/10/02 19:26:29 job-script-lua.go:292: G: f0224d36-ef9d-4f8b-a08b-5b07ebcd81e5, J: Lua Script (10d2d11f-7d6f-4843-b130-2dbb238f823e) - Script (Handle: 4769960) sent log message: "Tunable White: Präsenz AUS erkannt, keine Farbänderung"
I: 2026/10/02 19:26:31 job-script-lua.go:292: G: f0224d36-ef9d-4f8b-a08b-5b07ebcd81e5, J: Lua Script (10d2d11f-7d6f-4843-b130-2dbb238f823e) - Script (Handle: 4769964) sent log message: "Tunable White: Präsenz Wohnzimmer, zentraler Wert 2000 K gesendet"
I: 2026/10/02 19:26:34 job-script-lua.go:292: G: f0224d36-ef9d-4f8b-a08b-5b07ebcd81e5, J: Lua Script (10d2d11f-7d6f-4843-b130-2dbb238f823e) - Script (Handle: 4769970) sent log message: "Tunable White: Präsenz AUS erkannt, keine Farbänderung"
I: 2026/10/02 19:26:35 job-script-lua.go:292: G: f0224d36-ef9d-4f8b-a08b-5b07ebcd81e5, J: Lua Script (10d2d11f-7d6f-4843-b130-2dbb238f823e) - Script (Handle: 4769972) sent log message: "Tunable White: Präsenz Wohnzimmer, zentraler Wert 2000 K gesendet"
I: 2026/10/02 19:26:36 job-script-lua.go:292: G: f0224d36-ef9d-4f8b-a08b-5b07ebcd81e5, J: Lua Script (10d2d11f-7d6f-4843-b130-2dbb238f823e) - Script (Handle: 4769974) sent log message: "Tunable White: Präsenz AUS erkannt, keine Farbänderung"
I: 2026/10/02 19:26:36 job-script-lua.go:292: G: f0224d36-ef9d-4f8b-a08b-5b07ebcd81e5, J: Lua Script (10d2d11f-7d6f-4843-b130-2dbb238f823e) - Script (Handle: 4769976) sent log message: "Tunable White: Präsenz Wohnzimmer, zentraler Wert 2000 K gesendet"
I: 2026/10/02 19:27:34 job-script-lua.go:292: G: f0224d36-ef9d-4f8b-a08b-5b07ebcd81e5, J: Lua Script (10d2d11f-7d6f-4843-b130-2dbb238f823e) - Script (Handle: 4770091) sent log message: "Tunable White: Präsenz AUS erkannt, keine Farbänderung"
I: 2026/10/02 19:27:39 job-script-lua.go:292: G: f0224d36-ef9d-4f8b-a08b-5b07ebcd81e5, J: Lua Script (10d2d11f-7d6f-4843-b130-2dbb238f823e) - Script (Handle: 4770101) sent log message: "Tunable White: Präsenz Wohnzimmer, zentraler Wert 2000 K gesendet"
I: 2026/10/02 19:27:40 job-script-lua.go:292: G: f0224d36-ef9d-4f8b-a08b-5b07ebcd81e5, J: Lua Script (10d2d11f-7d6f-4843-b130-2dbb238f823e) - Script (Handle: 4770103) sent log message: "Tunable White: Präsenz AUS erkannt, keine Farbänderung"
I: 2026/10/02 19:27:46 job-script-lua.go:292: G: f0224d36-ef9d-4f8b-a08b-5b07ebcd81e5, J: Lua Script (10d2d11f-7d6f-4843-b130-2dbb238f823e) - Script (Handle: 4770115) sent log message: "Tunable White: Präsenz Wohnzimmer, zentraler Wert 2000 K gesendet"
I: 2026/10/02 19:27:47 job-script-lua.go:292: G: f0224d36-ef9d-4f8b-a08b-5b07ebcd81e5, J: Lua Script (10d2d11f-7d6f-4843-b130-2dbb238f823e) - Script (Handle: 4770117) sent log message: "Tunable White: Präsenz AUS erkannt, keine Farbänderung"
I: 2026/10/02 19:27:49 job-script-lua.go:292: G: f0224d36-ef9d-4f8b-a08b-5b07ebcd81e5, J: Lua Script (10d2d11f-7d6f-4843-b130-2dbb238f823e) - Script (Handle: 4770121) sent log message: "Tunable White: Präsenz Wohnzimmer, zentraler Wert 2000 K gesendet"
I: 2026/10/02 19:27:50 job-script-lua.go:292: G: f0224d36-ef9d-4f8b-a08b-5b07ebcd81e5, J: Lua Script (10d2d11f-7d6f-4843-b130-2dbb238f823e) - Script (Handle: 4770123) sent log message: "Tunable White: Präsenz AUS erkannt, keine Farbänderung"
I: 2026/10/02 19:27:52 job-script-lua.go:292: G: f0224d36-ef9d-4f8b-a08b-5b07ebcd81e5, J: Lua Script (10d2d11f-7d6f-4843-b130-2dbb238f823e) - Script (Handle: 4770127) sent log message: "Tunable White: Präsenz Flur, zentraler und Flur-Wert 2000 K gesendet"
I: 2026/10/02 19:27:55 job-script-lua.go:292: G: f0224d36-ef9d-4f8b-a08b-5b07ebcd81e5, J: Lua Script (10d2d11f-7d6f-4843-b130-2dbb238f823e) - Script (Handle: 4770133) sent log message: "Tunable White: Präsenz Wohnzimmer, zentraler Wert 2000 K gesendet"
I: 2026/10/02 19:28:06 job-script-lua.go:292: G: f0224d36-ef9d-4f8b-a08b-5b07ebcd81e5, J: Lua Script (10d2d11f-7d6f-4843-b130-2dbb238f823e) - Script (Handle: 4770157) sent log message: "Tunable White: Präsenz AUS erkannt, keine Farbänderung"
I: 2026/10/02 19:28:11 job-script-lua.go:292: G: f0224d36-ef9d-4f8b-a08b-5b07ebcd81e5, J: Lua Script (10d2d11f-7d6f-4843-b130-2dbb238f823e) - Script (Handle: 4770166) sent log message: "Tunable White: Präsenz Wohnzimmer, zentraler Wert 2000 K gesendet"
I: 2026/10/02 19:28:13 job-script-lua.go:292: G: f0224d36-ef9d-4f8b-a08b-5b07ebcd81e5, J: Lua Script (10d2d11f-7d6f-4843-b130-2dbb238f823e) - Script (Handle: 4770170) sent log message: "Tunable White: Präsenz AUS erkannt, keine Farbänderung"
I: 2026/10/02 19:28:14 job-script-lua.go:292: G: f0224d36-ef9d-4f8b-a08b-5b07ebcd81e5, J: Lua Script (10d2d11f-7d6f-4843-b130-2dbb238f823e) - Script (Handle: 4770172) sent log message: "Tunable White: Präsenz Wohnzimmer, zentraler Wert 2000 K gesendet"
I: 2026/10/02 19:28:16 job-script-lua.go:292: G: f0224d36-ef9d-4f8b-a08b-5b07ebcd81e5, J: Lua Script (10d2d11f-7d6f-4843-b130-2dbb238f823e) - Script (Handle: 4770176) sent log message: "Tunable White: Präsenz AUS erkannt, keine Farbänderung"
I: 2026/10/02 19:28:17 job-script-lua.go:292: G: f0224d36-ef9d-4f8b-a08b-5b07ebcd81e5, J: Lua Script (10d2d11f-7d6f-4843-b130-2dbb238f823e) - Script (Handle: 4770178) sent log message: "Tunable White: Präsenz AUS erkannt, keine Farbänderung"
I: 2026/10/02 19:28:18 job-script-lua.go:292: G: f0224d36-ef9d-4f8b-a08b-5b07ebcd81e5, J: Lua Script (10d2d11f-7d6f-4843-b130-2dbb238f823e) - Script (Handle: 4770180) sent log message: "Tunable White: Präsenz Wohnzimmer, zentraler Wert 2000 K gesendet"
I: 2026/10/02 19:28:19 job-script-lua.go:292: G: f0224d36-ef9d-4f8b-a08b-5b07ebcd81e5, J: Lua Script (10d2d11f-7d6f-4843-b130-2dbb238f823e) - Script (Handle: 4770182) sent log message: "Tunable White: Präsenz AUS erkannt, keine Farbänderung"
I: 2026/10/02 19:28:21 job-script-lua.go:292: G: f0224d36-ef9d-4f8b-a08b-5b07ebcd81e5, J: Lua Script (10d2d11f-7d6f-4843-b130-2dbb238f823e) - Script (Handle: 4770186) sent log message: "Tunable White: Präsenz Wohnzimmer, zentraler Wert 2000 K gesendet"
I: 2026/10/02 19:28:26 job-script-lua.go:292: G: f0224d36-ef9d-4f8b-a08b-5b07ebcd81e5, J: Lua Script (10d2d11f-7d6f-4843-b130-2dbb238f823e) - Script (Handle: 4770196) sent log message: "Tunable White: Präsenz AUS erkannt, keine Farbänderung"
I: 2026/10/02 19:28:32 job-script-lua.go:292: G: f0224d36-ef9d-4f8b-a08b-5b07ebcd81e5, J: Lua Script (10d2d11f-7d6f-4843-b130-2dbb238f823e) - Script (Handle: 4770208) sent log message: "Tunable White: Präsenz Wohnzimmer, zentraler Wert 2000 K gesendet"
I: 2026/10/02 19:28:34 job-script-lua.go:292: G: f0224d36-ef9d-4f8b-a08b-5b07ebcd81e5, J: Lua Script (10d2d11f-7d6f-4843-b130-2dbb238f823e) - Script (Handle: 4770212) sent log message: "Tunable White: Präsenz AUS erkannt, keine Farbänderung"
I: 2026/10/02 19:28:38 job-script-lua.go:292: G: f0224d36-ef9d-4f8b-a08b-5b07ebcd81e5, J: Lua Script (10d2d11f-7d6f-4843-b130-2dbb238f823e) - Script (Handle: 4770222) sent log message: "Tunable White: Präsenz Wohnzimmer, zentraler Wert 2000 K gesendet"
I: 2026/10/02 19:28:39 job-script-lua.go:292: G: f0224d36-ef9d-4f8b-a08b-5b07ebcd81e5, J: Lua Script (10d2d11f-7d6f-4843-b130-2dbb238f823e) - Script (Handle: 4770225) sent log message: "Tunable White: Präsenz AUS erkannt, keine Farbänderung"
I: 2026/10/02 19:28:40 job-script-lua.go:292: G: f0224d36-ef9d-4f8b-a08b-5b07ebcd81e5, J: Lua Script (10d2d11f-7d6f-4843-b130-2dbb238f823e) - Script (Handle: 4770228) sent log message: "Tunable White: Präsenz Wohnzimmer, zentraler Wert 2000 K gesendet"
I: 2026/10/02 19:28:49 job-script-lua.go:292: G: f0224d36-ef9d-4f8b-a08b-5b07ebcd81e5, J: Lua Script (10d2d11f-7d6f-4843-b130-2dbb238f823e) - Script (Handle: 4770245) sent log message: "Tunable White: Präsenz AUS erkannt, keine Farbänderung"
I: 2026/10/02 19:28:51 job-script-lua.go:292: G: f0224d36-ef9d-4f8b-a08b-5b07ebcd81e5, J: Lua Script (10d2d11f-7d6f-4843-b130-2dbb238f823e) - Script (Handle: 4770249) sent log message: "Tunable White: Präsenz Wohnzimmer, zentraler Wert 2000 K gesendet"
I: 2026/10/02 19:28:52 job-script-lua.go:292: G: f0224d36-ef9d-4f8b-a08b-5b07ebcd81e5, J: Lua Script (10d2d11f-7d6f-4843-b130-2dbb238f823e) - Script (Handle: 4770251) sent log message: "Tunable White: Präsenz AUS erkannt, keine Farbänderung"
I: 2026/10/02 19:28:53 job-script-lua.go:292: G: f0224d36-ef9d-4f8b-a08b-5b07ebcd81e5, J: Lua Script (10d2d11f-7d6f-4843-b130-2dbb238f823e) - Script (Handle: 4770253) sent log message: "Tunable White: Präsenz Wohnzimmer, zentraler Wert 2000 K gesendet"
I: 2026/10/02 19:28:54 job-script-lua.go:292: G: f0224d36-ef9d-4f8b-a08b-5b07ebcd81e5, J: Lua Script (10d2d11f-7d6f-4843-b130-2dbb238f823e) - Script (Handle: 4770255) sent log message: "Tunable White: Präsenz AUS erkannt, keine Farbänderung"
I: 2026/10/02 19:28:55 job-script-lua.go:292: G: f0224d36-ef9d-4f8b-a08b-5b07ebcd81e5, J: Lua Script (10d2d11f-7d6f-4843-b130-2dbb238f823e) - Script (Handle: 4770259) sent log message: "Tunable White: Präsenz Wohnzimmer, zentraler Wert 2000 K gesendet"
I: 2026/10/02 19:29:01 job-script-lua.go:292: G: f0224d36-ef9d-4f8b-a08b-5b07ebcd81e5, J: Lua Script (10d2d11f-7d6f-4843-b130-2dbb238f823e) - Script (Handle: 4770270) sent log message: "Tunable White: Präsenz AUS erkannt, keine Farbänderung"
I: 2026/10/02 19:29:02 job-script-lua.go:292: G: f0224d36-ef9d-4f8b-a08b-5b07ebcd81e5, J: Lua Script (10d2d11f-7d6f-4843-b130-2dbb238f823e) - Script (Handle: 4770274) sent log message: "Tunable White: Präsenz Wohnzimmer, zentraler Wert 2000 K gesendet"
I: 2026/10/02 19:29:03 job-script-lua.go:292: G: f0224d36-ef9d-4f8b-a08b-5b07ebcd81e5, J: Lua Script (10d2d11f-7d6f-4843-b130-2dbb238f823e) - Script (Handle: 4770277) sent log message: "Tunable White: Präsenz AUS erkannt, keine Farbänderung"
I: 2026/10/02 19:29:06 job-script-lua.go:292: G: f0224d36-ef9d-4f8b-a08b-5b07ebcd81e5, J: Lua Script (10d2d11f-7d6f-4843-b130-2dbb238f823e) - Script (Handle: 4770282) sent log message: "Tunable White: Präsenz Wohnzimmer, zentraler Wert 2000 K gesendet"
I: 2026/10/02 19:29:10 job-script-lua.go:292: G: f0224d36-ef9d-4f8b-a08b-5b07ebcd81e5, J: Lua Script (10d2d11f-7d6f-4843-b130-2dbb238f823e) - Script (Handle: 4770292) sent log message: "Tunable White: Präsenz AUS erkannt, keine Farbänderung"
I: 2026/10/02 19:29:12 job-script-lua.go:292: G: f0224d36-ef9d-4f8b-a08b-5b07ebcd81e5, J: Lua Script (10d2d11f-7d6f-4843-b130-2dbb238f823e) - Script (Handle: 4770297) sent log message: "Tunable White: Präsenz Flur, zentraler und Flur-Wert 2000 K gesendet"
I: 2026/10/02 19:29:13 job-script-lua.go:292: G: f0224d36-ef9d-4f8b-a08b-5b07ebcd81e5, J: Lua Script (10d2d11f-7d6f-4843-b130-2dbb238f823e) - Script (Handle: 4770299) sent log message: "Tunable White: Präsenz AUS erkannt, keine Farbänderung"
I: 2026/10/02 19:29:15 job-script-lua.go:292: G: f0224d36-ef9d-4f8b-a08b-5b07ebcd81e5, J: Lua Script (10d2d11f-7d6f-4843-b130-2dbb238f823e) - Script (Handle: 4770302) sent log message: "Tunable White: Präsenz Wohnzimmer, zentraler Wert 2000 K gesendet"
I: 2026/10/02 19:29:16 job-script-lua.go:292: G: f0224d36-ef9d-4f8b-a08b-5b07ebcd81e5, J: Lua Script (10d2d11f-7d6f-4843-b130-2dbb238f823e) - Script (Handle: 4770304) sent log message: "Tunable White: Präsenz AUS erkannt, keine Farbänderung"
I: 2026/10/02 19:29:17 job-script-lua.go:292: G: f0224d36-ef9d-4f8b-a08b-5b07ebcd81e5, J: Lua Script (10d2d11f-7d6f-4843-b130-2dbb238f823e) - Script (Handle: 4770306) sent log message: "Tunable White: Präsenz Wohnzimmer, zentraler Wert 2000 K gesendet"
I: 2026/10/02 19:29:36 job-script-lua.go:292: G: f0224d36-ef9d-4f8b-a08b-5b07ebcd81e5, J: Lua Script (10d2d11f-7d6f-4843-b130-2dbb238f823e) - Script (Handle: 4770344) sent log message: "Tunable White: Präsenz AUS erkannt, keine Farbänderung"
I: 2026/10/02 19:29:38 job-script-lua.go:292: G: f0224d36-ef9d-4f8b-a08b-5b07ebcd81e5, J: Lua Script (10d2d11f-7d6f-4843-b130-2dbb238f823e) - Script (Handle: 4770348) sent log message: "Tunable White: Präsenz Wohnzimmer, zentraler Wert 2000 K gesendet"
I: 2026/10/02 19:29:39 job-script-lua.go:292: G: f0224d36-ef9d-4f8b-a08b-5b07ebcd81e5, J: Lua Script (10d2d11f-7d6f-4843-b130-2dbb238f823e) - Script (Handle: 4770350) sent log message: "Tunable White: Präsenz AUS erkannt, keine Farbänderung"
I: 2026/10/02 19:29:42 job-script-lua.go:292: G: f0224d36-ef9d-4f8b-a08b-5b07ebcd81e5, J: Lua Script (10d2d11f-7d6f-4843-b130-2dbb238f823e) - Script (Handle: 4770356) sent log message: "Tunable White: Präsenz Wohnzimmer, zentraler Wert 2000 K gesendet"
I: 2026/10/02 19:29:43 job-script-lua.go:292: G: f0224d36-ef9d-4f8b-a08b-5b07ebcd81e5, J: Lua Script (10d2d11f-7d6f-4843-b130-2dbb238f823e) - Script (Handle: 4770358) sent log message: "Tunable White: Präsenz AUS erkannt, keine Farbänderung"
I: 2026/10/02 19:29:44 job-script-lua.go:292: G: f0224d36-ef9d-4f8b-a08b-5b07ebcd81e5, J: Lua Script (10d2d11f-7d6f-4843-b130-2dbb238f823e) - Script (Handle: 4770362) sent log message: "Tunable White: Präsenz Wohnzimmer, zentraler Wert 2000 K gesendet"
I: 2026/10/02 19:29:45 job-script-lua.go:292: G: f0224d36-ef9d-4f8b-a08b-5b07ebcd81e5, J: Lua Script (10d2d11f-7d6f-4843-b130-2dbb238f823e) - Script (Handle: 4770365) sent log message: "Tunable White: Präsenz AUS erkannt, keine Farbänderung"
I: 2026/10/02 19:29:47 job-script-lua.go:292: G: f0224d36-ef9d-4f8b-a08b-5b07ebcd81e5, J: Lua Script (10d2d11f-7d6f-4843-b130-2dbb238f823e) - Script (Handle: 4770370) sent log message: "Tunable White: Präsenz Wohnzimmer, zentraler Wert 2000 K gesendet"
I: 2026/10/02 19:29:49 job-script-lua.go:292: G: f0224d36-ef9d-4f8b-a08b-5b07ebcd81e5, J: Lua Script (10d2d11f-7d6f-4843-b130-2dbb238f823e) - Script (Handle: 4770373) sent log message: "Tunable White: Präsenz AUS erkannt, keine Farbänderung"
I: 2026/10/02 19:29:52 job-script-lua.go:292: G: f0224d36-ef9d-4f8b-a08b-5b07ebcd81e5, J: Lua Script (10d2d11f-7d6f-4843-b130-2dbb238f823e) - Script (Handle: 4770379) sent log message: "Tunable White: Präsenz AUS erkannt, keine Farbänderung"
I: 2026/10/02 19:29:54 job-script-lua.go:292: G: f0224d36-ef9d-4f8b-a08b-5b07ebcd81e5, J: Lua Script (10d2d11f-7d6f-4843-b130-2dbb238f823e) - Script (Handle: 4770383) sent log message: "Tunable White: Präsenz Wohnzimmer, zentraler Wert 2000 K gesendet"
I: 2026/10/02 19:30:10 job-script-lua.go:292: G: f0224d36-ef9d-4f8b-a08b-5b07ebcd81e5, J: Lua Script (10d2d11f-7d6f-4843-b130-2dbb238f823e) - Script (Handle: 4770415) sent log message: "Tunable White: Präsenz AUS erkannt, keine Farbänderung"
I: 2026/10/02 19:30:10 job-script-lua.go:292: G: f0224d36-ef9d-4f8b-a08b-5b07ebcd81e5, J: Lua Script (10d2d11f-7d6f-4843-b130-2dbb238f823e) - Script (Handle: 4770417) sent log message: "Tunable White: Präsenz Wohnzimmer, zentraler Wert 2000 K gesendet"
I: 2026/10/02 19:30:18 job-script-lua.go:292: G: f0224d36-ef9d-4f8b-a08b-5b07ebcd81e5, J: Lua Script (10d2d11f-7d6f-4843-b130-2dbb238f823e) - Script (Handle: 4770432) sent log message: "Tunable White: Präsenz AUS erkannt, keine Farbänderung"
I: 2026/10/02 19:30:20 job-script-lua.go:292: G: f0224d36-ef9d-4f8b-a08b-5b07ebcd81e5, J: Lua Script (10d2d11f-7d6f-4843-b130-2dbb238f823e) - Script (Handle: 4770438) sent log message: "Tunable White: Präsenz Wohnzimmer, zentraler Wert 2000 K gesendet"
I: 2026/10/02 19:30:23 job-script-lua.go:292: G: f0224d36-ef9d-4f8b-a08b-5b07ebcd81e5, J: Lua Script (10d2d11f-7d6f-4843-b130-2dbb238f823e) - Script (Handle: 4770445) sent log message: "Tunable White: Präsenz AUS erkannt, keine Farbänderung"
I: 2026/10/02 19:30:25 job-script-lua.go:292: G: f0224d36-ef9d-4f8b-a08b-5b07ebcd81e5, J: Lua Script (10d2d11f-7d6f-4843-b130-2dbb238f823e) - Script (Handle: 4770448) sent log message: "Tunable White: Präsenz Wohnzimmer, zentraler Wert 2000 K gesendet"
I: 2026/10/02 19:30:26 job-script-lua.go:292: G: f0224d36-ef9d-4f8b-a08b-5b07ebcd81e5, J: Lua Script (10d2d11f-7d6f-4843-b130-2dbb238f823e) - Script (Handle: 4770450) sent log message: "Tunable White: Präsenz AUS erkannt, keine Farbänderung"
I: 2026/10/02 19:30:28 job-script-lua.go:292: G: f0224d36-ef9d-4f8b-a08b-5b07ebcd81e5, J: Lua Script (10d2d11f-7d6f-4843-b130-2dbb238f823e) - Script (Handle: 4770454) sent log message: "Tunable White: Präsenz Flur, zentraler und Flur-Wert 2000 K gesendet"
I: 2026/10/02 19:30:31 job-script-lua.go:292: G: f0224d36-ef9d-4f8b-a08b-5b07ebcd81e5, J: Lua Script (10d2d11f-7d6f-4843-b130-2dbb238f823e) - Script (Handle: 4770460) sent log message: "Tunable White: Präsenz Wohnzimmer, zentraler Wert 2000 K gesendet"
I: 2026/10/02 19:30:46 job-script-lua.go:292: G: f0224d36-ef9d-4f8b-a08b-5b07ebcd81e5, J: Lua Script (10d2d11f-7d6f-4843-b130-2dbb238f823e) - Script (Handle: 4770490) sent log message: "Tunable White: Präsenz AUS erkannt, keine Farbänderung"
I: 2026/10/02 19:30:57 job-script-lua.go:292: G: f0224d36-ef9d-4f8b-a08b-5b07ebcd81e5, J: Lua Script (10d2d11f-7d6f-4843-b130-2dbb238f823e) - Script (Handle: 4770512) sent log message: "Tunable White: Präsenz AUS erkannt, keine Farbänderung"
I: 2026/10/02 19:30:58 job-script-lua.go:292: G: f0224d36-ef9d-4f8b-a08b-5b07ebcd81e5, J: Lua Script (10d2d11f-7d6f-4843-b130-2dbb238f823e) - Script (Handle: 4770514) sent log message: "Tunable White: Präsenz Wohnzimmer, zentraler Wert 2000 K gesendet"
I: 2026/10/02 19:32:09 job-script-lua.go:292: G: f0224d36-ef9d-4f8b-a08b-5b07ebcd81e5, J: Lua Script (10d2d11f-7d6f-4843-b130-2dbb238f823e) - Script (Handle: 4770656) sent log message: "Tunable White: Zentral 2000 K"
I: 2026/10/02 19:32:09 job-script-lua.go:292: G: f0224d36-ef9d-4f8b-a08b-5b07ebcd81e5, J: Lua Script (10d2d11f-7d6f-4843-b130-2dbb238f823e) - Script (Handle: 4770656) sent log message: "Tunable White: Rampe beendet bei 2000 K (night)"
I: 2026/10/02 19:32:56 job-script-lua.go:292: G: f0224d36-ef9d-4f8b-a08b-5b07ebcd81e5, J: Lua Script (10d2d11f-7d6f-4843-b130-2dbb238f823e) - Script (Handle: 4770750) sent log message: "Tunable White: Präsenz Flur ohne aktive Rampe, zentraler und Flur-letzter Wert 2000 K gesendet"
I: 2026/10/02 19:33:06 job-script-lua.go:292: G: f0224d36-ef9d-4f8b-a08b-5b07ebcd81e5, J: Lua Script (10d2d11f-7d6f-4843-b130-2dbb238f823e) - Script (Handle: 4770770) sent log message: "Tunable White: Präsenz AUS erkannt, keine Farbänderung"
I: 2026/10/02 19:33:12 job-script-lua.go:292: G: f0224d36-ef9d-4f8b-a08b-5b07ebcd81e5, J: Lua Script (10d2d11f-7d6f-4843-b130-2dbb238f823e) - Script (Handle: 4770782) sent log message: "Tunable White: Präsenz Wohnzimmer ohne aktive Rampe, zentraler letzter Wert 2000 K gesendet"
I: 2026/10/02 19:33:13 job-script-lua.go:292: G: f0224d36-ef9d-4f8b-a08b-5b07ebcd81e5, J: Lua Script (10d2d11f-7d6f-4843-b130-2dbb238f823e) - Script (Handle: 4770784) sent log message: "Tunable White: Präsenz AUS erkannt, keine Farbänderung"
I: 2026/10/02 19:33:14 job-script-lua.go:292: G: f0224d36-ef9d-4f8b-a08b-5b07ebcd81e5, J: Lua Script (10d2d11f-7d6f-4843-b130-2dbb238f823e) - Script (Handle: 4770786) sent log message: "Tunable White: Präsenz Wohnzimmer ohne aktive Rampe, zentraler letzter Wert 2000 K gesendet"
I: 2026/10/02 19:33:17 job-script-lua.go:292: G: f0224d36-ef9d-4f8b-a08b-5b07ebcd81e5, J: Lua Script (10d2d11f-7d6f-4843-b130-2dbb238f823e) - Script (Handle: 4770792) sent log message: "Tunable White: Präsenz AUS erkannt, keine Farbänderung"
I: 2026/10/02 19:34:15 job-script-lua.go:292: G: f0224d36-ef9d-4f8b-a08b-5b07ebcd81e5, J: Lua Script (10d2d11f-7d6f-4843-b130-2dbb238f823e) - Script (Handle: 4770908) sent log message: "Tunable White: Präsenz AUS erkannt, keine Farbänderung"
I: 2026/10/02 19:34:19 job-script-lua.go:292: G: f0224d36-ef9d-4f8b-a08b-5b07ebcd81e5, J: Lua Script (10d2d11f-7d6f-4843-b130-2dbb238f823e) - Script (Handle: 4770916) sent log message: "Tunable White: Präsenz Flur ohne aktive Rampe, zentraler und Flur-letzter Wert 2000 K gesendet"
I: 2026/10/02 19:34:23 job-script-lua.go:292: G: f0224d36-ef9d-4f8b-a08b-5b07ebcd81e5, J: Lua Script (10d2d11f-7d6f-4843-b130-2dbb238f823e) - Script (Handle: 4770924) sent log message: "Tunable White: Präsenz Wohnzimmer ohne aktive Rampe, zentraler letzter Wert 2000 K gesendet"
I: 2026/10/02 19:34:34 job-script-lua.go:292: G: f0224d36-ef9d-4f8b-a08b-5b07ebcd81e5, J: Lua Script (10d2d11f-7d6f-4843-b130-2dbb238f823e) - Script (Handle: 4770948) sent log message: "Tunable White: Präsenz AUS erkannt, keine Farbänderung"
I: 2026/10/02 19:34:39 job-script-lua.go:292: G: f0224d36-ef9d-4f8b-a08b-5b07ebcd81e5, J: Lua Script (10d2d11f-7d6f-4843-b130-2dbb238f823e) - Script (Handle: 4770957) sent log message: "Tunable White: Präsenz Wohnzimmer ohne aktive Rampe, zentraler letzter Wert 2000 K gesendet"
I: 2026/10/02 19:34:47 job-script-lua.go:292: G: f0224d36-ef9d-4f8b-a08b-5b07ebcd81e5, J: Lua Script (10d2d11f-7d6f-4843-b130-2dbb238f823e) - Script (Handle: 4770973) sent log message: "Tunable White: Präsenz AUS erkannt, keine Farbänderung"
I: 2026/10/02 19:34:58 job-script-lua.go:292: G: f0224d36-ef9d-4f8b-a08b-5b07ebcd81e5, J: Lua Script (10d2d11f-7d6f-4843-b130-2dbb238f823e) - Script (Handle: 4770995) sent log message: "Tunable White: Präsenz AUS erkannt, keine Farbänderung"
I: 2026/10/02 19:34:59 job-script-lua.go:292: G: f0224d36-ef9d-4f8b-a08b-5b07ebcd81e5, J: Lua Script (10d2d11f-7d6f-4843-b130-2dbb238f823e) - Script (Handle: 4770997) sent log message: "Tunable White: Präsenz Wohnzimmer ohne aktive Rampe, zentraler letzter Wert 2000 K gesendet"
I: 2026/10/02 19:35:09 job-script-lua.go:292: G: f0224d36-ef9d-4f8b-a08b-5b07ebcd81e5, J: Lua Script (10d2d11f-7d6f-4843-b130-2dbb238f823e) - Script (Handle: 4771017) sent log message: "Tunable White: Präsenz AUS erkannt, keine Farbänderung"
I: 2026/10/02 19:35:10 job-script-lua.go:292: G: f0224d36-ef9d-4f8b-a08b-5b07ebcd81e5, J: Lua Script (10d2d11f-7d6f-4843-b130-2dbb238f823e) - Script (Handle: 4771019) sent log message: "Tunable White: Präsenz Wohnzimmer ohne aktive Rampe, zentraler letzter Wert 2000 K gesendet"
I: 2026/10/02 19:35:11 job-script-lua.go:292: G: f0224d36-ef9d-4f8b-a08b-5b07ebcd81e5, J: Lua Script (10d2d11f-7d6f-4843-b130-2dbb238f823e) - Script (Handle: 4771021) sent log message: "Tunable White: Präsenz AUS erkannt, keine Farbänderung"
I: 2026/10/02 19:35:12 job-script-lua.go:292: G: f0224d36-ef9d-4f8b-a08b-5b07ebcd81e5, J: Lua Script (10d2d11f-7d6f-4843-b130-2dbb238f823e) - Script (Handle: 4771023) sent log message: "Tunable White: Präsenz Wohnzimmer ohne aktive Rampe, zentraler letzter Wert 2000 K gesendet"
I: 2026/10/02 19:35:23 job-script-lua.go:292: G: f0224d36-ef9d-4f8b-a08b-5b07ebcd81e5, J: Lua Script (10d2d11f-7d6f-4843-b130-2dbb238f823e) - Script (Handle: 4771045) sent log message: "Tunable White: Präsenz AUS erkannt, keine Farbänderung"
I: 2026/10/02 19:35:27 job-script-lua.go:292: G: f0224d36-ef9d-4f8b-a08b-5b07ebcd81e5, J: Lua Script (10d2d11f-7d6f-4843-b130-2dbb238f823e) - Script (Handle: 4771053) sent log message: "Tunable White: Präsenz Wohnzimmer ohne aktive Rampe, zentraler letzter Wert 2000 K gesendet"
I: 2026/10/02 19:39:25 job-script-lua.go:292: G: f0224d36-ef9d-4f8b-a08b-5b07ebcd81e5, J: Lua Script (10d2d11f-7d6f-4843-b130-2dbb238f823e) - Script (Handle: 4771529) sent log message: "Tunable White: Präsenz AUS erkannt, keine Farbänderung"
I: 2026/10/02 19:39:26 job-script-lua.go:292: G: f0224d36-ef9d-4f8b-a08b-5b07ebcd81e5, J: Lua Script (10d2d11f-7d6f-4843-b130-2dbb238f823e) - Script (Handle: 4771531) sent log message: "Tunable White: Präsenz Wohnzimmer ohne aktive Rampe, zentraler letzter Wert 2000 K gesendet"
I: 2026/10/02 19:40:58 job-script-lua.go:292: G: f0224d36-ef9d-4f8b-a08b-5b07ebcd81e5, J: Lua Script (10d2d11f-7d6f-4843-b130-2dbb238f823e) - Script (Handle: 4771715) sent log message: "Tunable White: Präsenz AUS erkannt, keine Farbänderung"
I: 2026/10/02 19:40:59 job-script-lua.go:292: G: f0224d36-ef9d-4f8b-a08b-5b07ebcd81e5, J: Lua Script (10d2d11f-7d6f-4843-b130-2dbb238f823e) - Script (Handle: 4771717) sent log message: "Tunable White: Präsenz Wohnzimmer ohne aktive Rampe, zentraler letzter Wert 2000 K gesendet"
I: 2026/10/02 19:41:27 yale-starter.go:180: Start saving job volatile values
I: 2026/10/02 19:48:52 job-script-lua.go:292: G: f0224d36-ef9d-4f8b-a08b-5b07ebcd81e5, J: Lua Script (10d2d11f-7d6f-4843-b130-2dbb238f823e) - Script (Handle: 4772665) sent log message: "Tunable White: Präsenz AUS erkannt, keine Farbänderung"
I: 2026/10/02 19:48:53 job-script-lua.go:292: G: f0224d36-ef9d-4f8b-a08b-5b07ebcd81e5, J: Lua Script (10d2d11f-7d6f-4843-b130-2dbb238f823e) - Script (Handle: 4772668) sent log message: "Tunable White: Präsenz Wohnzimmer ohne aktive Rampe, zentraler letzter Wert 2000 K gesendet"
I: 2026/10/02 19:51:51 job-script-lua.go:292: G: f0224d36-ef9d-4f8b-a08b-5b07ebcd81e5, J: Lua Script (10d2d11f-7d6f-4843-b130-2dbb238f823e) - Script (Handle: 4773022) sent log message: "Tunable White: Präsenz AUS erkannt, keine Farbänderung"
I: 2026/10/02 19:51:53 job-script-lua.go:292: G: f0224d36-ef9d-4f8b-a08b-5b07ebcd81e5, J: Lua Script (10d2d11f-7d6f-4843-b130-2dbb238f823e) - Script (Handle: 4773026) sent log message: "Tunable White: Präsenz Wohnzimmer ohne aktive Rampe, zentraler letzter Wert 2000 K gesendet"
I: 2026/10/02 19:51:54 job-script-lua.go:292: G: f0224d36-ef9d-4f8b-a08b-5b07ebcd81e5, J: Lua Script (10d2d11f-7d6f-4843-b130-2dbb238f823e) - Script (Handle: 4773028) sent log message: "Tunable White: Präsenz AUS erkannt, keine Farbänderung"
I: 2026/10/02 19:51:55 job-script-lua.go:292: G: f0224d36-ef9d-4f8b-a08b-5b07ebcd81e5, J: Lua Script (10d2d11f-7d6f-4843-b130-2dbb238f823e) - Script (Handle: 4773030) sent log message: "Tunable White: Präsenz Wohnzimmer ohne aktive Rampe, zentraler letzter Wert 2000 K gesendet"
I: 2026/10/02 19:52:00 job-script-lua.go:292: G: f0224d36-ef9d-4f8b-a08b-5b07ebcd81e5, J: Lua Script (10d2d11f-7d6f-4843-b130-2dbb238f823e) - Script (Handle: 4773042) sent log message: "Tunable White: Präsenz AUS erkannt, keine Farbänderung"
I: 2026/10/02 19:52:03 job-script-lua.go:292: G: f0224d36-ef9d-4f8b-a08b-5b07ebcd81e5, J: Lua Script (10d2d11f-7d6f-4843-b130-2dbb238f823e) - Script (Handle: 4773047) sent log message: "Tunable White: Präsenz Wohnzimmer ohne aktive Rampe, zentraler letzter Wert 2000 K gesendet"
I: 2026/10/02 19:52:08 job-script-lua.go:292: G: f0224d36-ef9d-4f8b-a08b-5b07ebcd81e5, J: Lua Script (10d2d11f-7d6f-4843-b130-2dbb238f823e) - Script (Handle: 4773057) sent log message: "Tunable White: Präsenz AUS erkannt, keine Farbänderung"
I: 2026/10/02 19:52:10 job-script-lua.go:292: G: f0224d36-ef9d-4f8b-a08b-5b07ebcd81e5, J: Lua Script (10d2d11f-7d6f-4843-b130-2dbb238f823e) - Script (Handle: 4773061) sent log message: "Tunable White: Präsenz Wohnzimmer ohne aktive Rampe, zentraler letzter Wert 2000 K gesendet"
I: 2026/10/02 19:52:11 job-script-lua.go:292: G: f0224d36-ef9d-4f8b-a08b-5b07ebcd81e5, J: Lua Script (10d2d11f-7d6f-4843-b130-2dbb238f823e) - Script (Handle: 4773063) sent log message: "Tunable White: Präsenz AUS erkannt, keine Farbänderung"
I: 2026/10/02 19:52:12 job-script-lua.go:292: G: f0224d36-ef9d-4f8b-a08b-5b07ebcd81e5, J: Lua Script (10d2d11f-7d6f-4843-b130-2dbb238f823e) - Script (Handle: 4773065) sent log message: "Tunable White: Präsenz Wohnzimmer ohne aktive Rampe, zentraler letzter Wert 2000 K gesendet"
I: 2026/10/02 19:52:12 job-script-lua.go:292: G: f0224d36-ef9d-4f8b-a08b-5b07ebcd81e5, J: Lua Script (10d2d11f-7d6f-4843-b130-2dbb238f823e) - Script (Handle: 4773067) sent log message: "Tunable White: Präsenz AUS erkannt, keine Farbänderung"
I: 2026/10/02 19:52:13 job-script-lua.go:292: G: f0224d36-ef9d-4f8b-a08b-5b07ebcd81e5, J: Lua Script (10d2d11f-7d6f-4843-b130-2dbb238f823e) - Script (Handle: 4773070) sent log message: "Tunable White: Präsenz Wohnzimmer ohne aktive Rampe, zentraler letzter Wert 2000 K gesendet"
